,anger,fear,joy,sadness,analytical,confident,tentative
0,0.0,0.505116,0.0,0.0,0.504631,0.0,0.8251649999999999
1,0.0,0.0,0.522368,0.0,0.0,0.5410520000000001,0.0
2,0.0,0.0,0.0,0.0,0.0,0.0,0.9807170000000001
3,0.0,0.0,0.0,0.0,0.0,0.0,0.0
4,0.0,0.0,0.52287,0.631061,0.685489,0.0,0.79961
5,0.0,0.0,0.628199,0.0,0.0,0.0,0.885229
6,0.0,0.0,0.0,0.0,0.0,0.0,0.877926
7,0.0,0.7096859999999999,0.0,0.0,0.0,0.0,0.730029
8,0.0,0.0,0.593435,0.0,0.0,0.0,0.0
9,0.0,0.0,0.0,0.0,0.0,0.0,0.905191
10,0.0,0.0,0.584601,0.0,0.0,0.0,0.550755
11,0.0,0.0,0.780786,0.0,0.0,0.0,0.7239479999999999
12,0.0,0.554612,0.6043569999999999,0.0,0.0,0.804653,0.0
13,0.0,0.0,0.598769,0.0,0.0,0.0,0.594536
14,0.0,0.0,0.5370590000000001,0.0,0.0,0.0,0.0
15,0.0,0.0,0.553833,0.674589,0.0,0.0,0.739689
16,0.0,0.0,0.0,0.668243,0.0,0.0,0.755899
17,0.0,0.0,0.9241020000000001,0.0,0.0,0.561617,0.0
18,0.0,0.0,0.779978,0.0,0.0,0.0,0.660659
19,0.0,0.0,0.0,0.0,0.0,0.0,0.7244550000000001
20,0.0,0.0,0.523838,0.0,0.0,0.0,0.0
21,0.0,0.0,0.0,0.0,0.0,0.0,0.9807170000000001
22,0.0,0.0,0.0,0.0,0.8474659999999999,0.0,0.654039
23,0.663101,0.0,0.0,0.0,0.0,0.0,0.794832
24,0.0,0.0,0.785929,0.0,0.0,0.0,0.8550459999999999
25,0.0,0.0,0.0,0.0,0.0,0.0,0.579278
26,0.0,0.0,0.0,0.0,0.0,0.0,0.0
27,0.0,0.0,0.0,0.0,0.0,0.0,0.0
28,0.0,0.0,0.0,0.790888,0.0,0.0,0.0
29,0.0,0.0,0.794312,0.0,0.0,0.0,0.926055
30,0.525409,0.0,0.633368,0.516568,0.0,0.0,0.7106640000000001
31,0.0,0.0,0.0,0.0,0.0,0.889008,0.0
32,0.531088,0.0,0.0,0.0,0.0,0.0,0.6400319999999999
33,0.0,0.0,0.0,0.0,0.0,0.0,0.7852520000000001
34,0.0,0.0,0.668864,0.61355,0.0,0.0,0.0
35,0.0,0.0,0.833144,0.0,0.0,0.0,0.0
36,0.0,0.0,0.0,0.649841,0.0,0.721986,0.0
37,0.0,0.0,0.638468,0.0,0.0,0.507373,0.0
38,0.0,0.0,0.677506,0.0,0.0,0.0,0.578397
39,0.0,0.0,0.65577,0.0,0.0,0.0,0.603267
40,0.0,0.0,0.0,0.0,0.826937,0.619903,0.0
41,0.0,0.0,0.0,0.5554399999999999,0.578033,0.0,0.0
42,0.0,0.0,0.6201840000000001,0.0,0.0,0.0,0.0
43,0.0,0.0,0.556709,0.0,0.0,0.6016699999999999,0.0
44,0.0,0.0,0.558527,0.0,0.0,0.784724,0.0
45,0.0,0.0,0.0,0.0,0.0,0.0,0.0
46,0.0,0.0,0.0,0.0,0.0,0.0,0.0
47,0.0,0.0,0.0,0.509713,0.0,0.0,0.880416
48,0.0,0.0,0.675779,0.0,0.0,0.0,0.8556010000000001
49,0.0,0.0,0.745425,0.0,0.0,0.603487,0.0
50,0.0,0.0,0.647307,0.0,0.0,0.88831,0.0
51,0.0,0.0,0.0,0.0,0.5528310000000001,0.0,0.655183
52,0.0,0.0,0.0,0.0,0.618178,0.0,0.538459
53,0.0,0.0,0.833119,0.0,0.0,0.0,0.846076
54,0.0,0.0,0.0,0.0,0.0,0.0,0.0
55,0.0,0.0,0.0,0.586662,0.0,0.0,0.805132
56,0.0,0.0,0.0,0.0,0.0,0.0,0.0
57,0.0,0.0,0.0,0.526307,0.0,0.0,0.0
58,0.0,0.0,0.67738,0.0,0.0,0.0,0.821473
59,0.0,0.0,0.0,0.684898,0.0,0.0,0.666669
60,0.0,0.0,0.0,0.537976,0.0,0.0,0.71572
61,0.628711,0.0,0.57547,0.0,0.0,0.0,0.0
62,0.0,0.0,0.527374,0.621143,0.0,0.0,0.697075
63,0.0,0.0,0.848389,0.0,0.0,0.0,0.0
64,0.0,0.0,0.0,0.743581,0.0,0.0,0.515829
65,0.0,0.0,0.0,0.0,0.0,0.0,0.0
66,0.579314,0.0,0.0,0.0,0.0,0.0,0.0
67,0.0,0.0,0.0,0.0,0.0,0.0,0.750088
68,0.0,0.0,0.0,0.561792,0.0,0.642598,0.0
69,0.0,0.0,0.0,0.0,0.0,0.0,0.0
70,0.0,0.0,0.6381899999999999,0.0,0.0,0.0,0.745973
71,0.0,0.0,0.0,0.645933,0.0,0.0,0.0
72,0.0,0.0,0.0,0.0,0.0,0.0,0.0
73,0.0,0.0,0.768451,0.0,0.0,0.0,0.9167959999999999
74,0.0,0.0,0.0,0.8311430000000001,0.0,0.0,0.0
75,0.0,0.0,0.0,0.0,0.0,0.0,0.0
76,0.0,0.0,0.0,0.0,0.0,0.0,0.0
77,0.619776,0.0,0.0,0.650609,0.0,0.0,0.0
78,0.0,0.0,0.0,0.541416,0.0,0.0,0.0
79,0.0,0.0,0.0,0.5842149999999999,0.0,0.0,0.0
80,0.0,0.0,0.0,0.0,0.0,0.0,0.0
81,0.0,0.0,0.0,0.506326,0.0,0.0,0.8841379999999999
82,0.0,0.0,0.0,0.579563,0.0,0.0,0.887842
83,0.0,0.0,0.0,0.629741,0.0,0.876143,0.0
84,0.568516,0.0,0.53664,0.583815,0.0,0.0,0.0
85,0.0,0.0,0.0,0.555366,0.0,0.0,0.95575
86,0.0,0.0,0.0,0.0,0.0,0.0,0.665281
87,0.0,0.0,0.0,0.0,0.0,0.0,0.8554579999999999
88,0.0,0.0,0.0,0.0,0.0,0.0,0.856469
89,0.527275,0.0,0.0,0.0,0.0,0.0,0.691235
90,0.0,0.0,0.0,0.0,0.0,0.0,0.0
91,0.0,0.0,0.818926,0.0,0.0,0.0,0.8684709999999999
92,0.0,0.0,0.742992,0.0,0.0,0.0,0.0
93,0.0,0.0,0.0,0.0,0.0,0.0,0.70967
94,0.0,0.0,0.0,0.902156,0.0,0.0,0.873383
95,0.0,0.0,0.708508,0.0,0.0,0.0,0.0
96,0.0,0.0,0.0,0.0,0.0,0.0,0.0
97,0.0,0.0,0.0,0.5474479999999999,0.0,0.0,0.0
98,0.0,0.735807,0.5043989999999999,0.710488,0.0,0.0,0.0
99,0.0,0.0,0.754717,0.0,0.0,0.0,0.958239
100,0.0,0.0,0.0,0.0,0.7166640000000001,0.0,0.0
101,0.0,0.617229,0.612987,0.662258,0.0,0.0,0.0
102,0.0,0.0,0.0,0.632478,0.0,0.0,0.878659
103,0.0,0.0,0.0,0.685146,0.0,0.0,0.0
104,0.0,0.0,0.0,0.500955,0.0,0.0,0.0
105,0.0,0.0,0.0,0.0,0.0,0.6245310000000001,0.0
106,0.0,0.0,0.0,0.0,0.0,0.0,0.0
107,0.0,0.0,0.0,0.644699,0.0,0.0,0.907113
108,0.0,0.0,0.0,0.0,0.0,0.857526,0.0
109,0.0,0.0,0.0,0.0,0.0,0.0,0.0
110,0.0,0.0,0.803834,0.0,0.0,0.0,0.609779
111,0.0,0.0,0.0,0.0,0.0,0.0,0.0
112,0.0,0.0,0.0,0.0,0.832317,0.0,0.9467059999999999
113,0.0,0.0,0.0,0.0,0.0,0.0,0.0
114,0.0,0.0,0.0,0.0,0.0,0.0,0.0
115,0.0,0.0,0.0,0.0,0.753576,0.0,0.0
116,0.0,0.0,0.0,0.0,0.0,0.0,0.0
117,0.5404100000000001,0.0,0.0,0.6799649999999999,0.0,0.0,0.696709
118,0.0,0.8174859999999999,0.0,0.0,0.0,0.0,0.698156
119,0.0,0.0,0.0,0.660989,0.843583,0.0,0.792589
120,0.0,0.592437,0.0,0.0,0.0,0.0,0.9464969999999999
121,0.0,0.0,0.5818399999999999,0.0,0.0,0.0,0.50317
122,0.0,0.0,0.804869,0.0,0.0,0.0,0.0
123,0.549693,0.0,0.0,0.6859529999999999,0.0,0.0,0.0
124,0.0,0.0,0.0,0.0,0.0,0.0,0.0
125,0.0,0.0,0.0,0.5590970000000001,0.0,0.0,0.0
126,0.0,0.0,0.0,0.0,0.6272220000000001,0.586701,0.0
127,0.0,0.0,0.0,0.0,0.0,0.0,0.0
128,0.0,0.0,0.0,0.0,0.0,0.0,0.0
129,0.0,0.0,0.0,0.0,0.0,0.0,0.0
130,0.0,0.0,0.0,0.0,0.0,0.0,0.0
131,0.0,0.0,0.754717,0.0,0.0,0.0,0.958239
132,0.0,0.0,0.0,0.0,0.0,0.0,0.0
133,0.0,0.0,0.614147,0.0,0.0,0.0,0.0
134,0.0,0.0,0.5036109999999999,0.0,0.0,0.0,0.0
135,0.0,0.0,0.568214,0.0,0.0,0.0,0.852741
136,0.0,0.0,0.0,0.0,0.0,0.0,0.884581
137,0.0,0.0,0.0,0.773223,0.0,0.0,0.0
138,0.0,0.0,0.551566,0.0,0.0,0.0,0.783985
139,0.0,0.0,0.794312,0.0,0.0,0.0,0.926055
140,0.0,0.0,0.0,0.671018,0.713875,0.0,0.8786440000000001
141,0.0,0.0,0.0,0.0,0.0,0.0,0.0
142,0.0,0.0,0.786352,0.0,0.7567189999999999,0.524778,0.0
143,0.0,0.551499,0.0,0.5671390000000001,0.588597,0.0,0.0
144,0.0,0.0,0.0,0.0,0.54916,0.0,0.755488
145,0.0,0.509336,0.715334,0.729749,0.0,0.0,0.0
146,0.0,0.0,0.5754739999999999,0.0,0.0,0.633371,0.0
147,0.0,0.0,0.0,0.0,0.0,0.0,0.0
148,0.0,0.0,0.0,0.625848,0.0,0.95878,0.0
149,0.0,0.0,0.0,0.0,0.0,0.0,0.0
150,0.0,0.0,0.0,0.658804,0.0,0.0,0.594917
151,0.0,0.0,0.586501,0.644548,0.0,0.698414,0.0
152,0.0,0.0,0.5651520000000001,0.0,0.0,0.0,0.0
153,0.0,0.0,0.805912,0.0,0.0,0.927002,0.0
154,0.684873,0.0,0.605214,0.0,0.0,0.0,0.0
155,0.0,0.0,0.0,0.0,0.795772,0.0,0.0
156,0.0,0.0,0.0,0.643466,0.0,0.0,0.736358
157,0.642462,0.0,0.539737,0.0,0.0,0.5367810000000001,0.0
158,0.0,0.0,0.598722,0.5384479999999999,0.0,0.0,0.0
159,0.0,0.0,0.0,0.0,0.0,0.0,0.0
160,0.0,0.0,0.60743,0.0,0.6982659999999999,0.0,0.0
161,0.0,0.0,0.0,0.0,0.0,0.60752,0.0
162,0.0,0.0,0.0,0.0,0.0,0.0,0.0
163,0.0,0.0,0.0,0.0,0.0,0.0,0.915789
164,0.0,0.0,0.654705,0.596266,0.0,0.691959,0.0
165,0.0,0.0,0.779978,0.0,0.0,0.0,0.660659
166,0.0,0.0,0.0,0.6189060000000001,0.0,0.0,0.60927
167,0.5426270000000001,0.0,0.0,0.0,0.0,0.0,0.0
168,0.0,0.0,0.0,0.0,0.0,0.0,0.9807170000000001
169,0.0,0.0,0.550804,0.0,0.0,0.0,0.0
170,0.576443,0.6738609999999999,0.0,0.691833,0.0,0.0,0.589859
171,0.0,0.0,0.536948,0.0,0.562529,0.0,0.7710100000000001
172,0.0,0.0,0.0,0.0,0.0,0.0,0.0
173,0.0,0.0,0.0,0.916667,0.0,0.0,0.9089729999999999
174,0.0,0.0,0.0,0.0,0.0,0.0,0.0
175,0.0,0.0,0.0,0.0,0.0,0.0,0.0
176,0.0,0.0,0.6675939999999999,0.0,0.0,0.0,0.0
177,0.0,0.0,0.0,0.8192219999999999,0.0,0.0,0.0
178,0.0,0.0,0.62667,0.0,0.0,0.0,0.0
179,0.0,0.0,0.584601,0.0,0.0,0.0,0.550755
180,0.0,0.0,0.0,0.0,0.0,0.0,0.0
181,0.0,0.0,0.0,0.0,0.711359,0.0,0.0
182,0.0,0.0,0.0,0.517523,0.0,0.0,0.0
183,0.0,0.0,0.0,0.0,0.0,0.0,0.0
184,0.0,0.0,0.0,0.0,0.0,0.0,0.0
185,0.0,0.0,0.741165,0.0,0.0,0.513071,0.0
186,0.5120359999999999,0.0,0.608938,0.0,0.0,0.0,0.9561569999999999
187,0.501395,0.0,0.0,0.550847,0.0,0.0,0.0
188,0.0,0.0,0.0,0.580547,0.642754,0.0,0.853466
189,0.65588,0.0,0.555038,0.5237970000000001,0.0,0.0,0.71572
190,0.567709,0.0,0.0,0.0,0.0,0.0,0.0
191,0.0,0.0,0.0,0.0,0.0,0.0,0.0
192,0.0,0.0,0.0,0.0,0.0,0.0,0.0
193,0.0,0.0,0.0,0.0,0.0,0.0,0.9435790000000001
194,0.0,0.0,0.619896,0.53351,0.0,0.0,0.656558
195,0.0,0.509879,0.0,0.525559,0.0,0.0,0.0
196,0.0,0.0,0.0,0.0,0.0,0.0,0.84639
197,0.565616,0.0,0.0,0.0,0.0,0.0,0.583055
198,0.0,0.0,0.0,0.0,0.0,0.0,0.0
199,0.0,0.0,0.0,0.5510229999999999,0.534767,0.0,0.0
200,0.0,0.0,0.0,0.0,0.0,0.0,0.0
201,0.0,0.0,0.598722,0.5384479999999999,0.0,0.0,0.0
202,0.0,0.0,0.0,0.650369,0.8955360000000001,0.0,0.952443
203,0.0,0.0,0.0,0.811411,0.0,0.732995,0.0
204,0.0,0.0,0.0,0.0,0.570634,0.0,0.920133
205,0.0,0.0,0.0,0.0,0.0,0.0,0.0
206,0.619483,0.0,0.611977,0.0,0.0,0.0,0.706094
207,0.0,0.0,0.530554,0.0,0.0,0.0,0.0
208,0.0,0.0,0.0,0.0,0.0,0.0,0.0
209,0.0,0.0,0.0,0.803147,0.0,0.78927,0.0
210,0.0,0.0,0.0,0.7273850000000001,0.83267,0.0,0.0
211,0.0,0.0,0.0,0.554153,0.0,0.0,0.9290940000000001
212,0.5316,0.0,0.0,0.589188,0.0,0.0,0.882899
213,0.90512,0.0,0.0,0.0,0.0,0.803227,0.0
214,0.0,0.0,0.739437,0.0,0.0,0.0,0.926747
215,0.0,0.0,0.548022,0.0,0.0,0.0,0.698001
216,0.0,0.0,0.0,0.0,0.0,0.0,0.521375
217,0.0,0.0,0.0,0.0,0.0,0.695004,0.0
218,0.0,0.0,0.523216,0.0,0.0,0.0,0.0
219,0.0,0.0,0.0,0.562142,0.8807959999999999,0.0,0.870533
220,0.0,0.0,0.0,0.658804,0.0,0.0,0.594917
221,0.0,0.0,0.721172,0.0,0.0,0.0,0.0
222,0.0,0.0,0.0,0.0,0.0,0.653461,0.0
223,0.0,0.0,0.586501,0.644548,0.0,0.698414,0.0
224,0.0,0.0,0.0,0.8177180000000001,0.0,0.0,0.0
225,0.0,0.0,0.789362,0.0,0.0,0.0,0.0
226,0.0,0.0,0.0,0.0,0.0,0.0,0.787957
227,0.0,0.0,0.554725,0.0,0.0,0.721,0.0
228,0.6146159999999999,0.0,0.0,0.6252340000000001,0.0,0.0,0.619379
229,0.639493,0.0,0.0,0.0,0.0,0.0,0.0
230,0.571925,0.697693,0.0,0.619051,0.0,0.0,0.548786
231,0.0,0.0,0.0,0.0,0.5738850000000001,0.0,0.554056
232,0.0,0.0,0.544405,0.605734,0.0,0.0,0.6185510000000001
233,0.0,0.0,0.0,0.0,0.0,0.0,0.0
234,0.0,0.0,0.0,0.656003,0.0,0.0,0.8917450000000001
235,0.0,0.0,0.615252,0.0,0.0,0.0,0.675327
236,0.0,0.0,0.9776299999999999,0.0,0.0,0.682634,0.0
237,0.504415,0.55489,0.0,0.0,0.0,0.0,0.88456
238,0.0,0.0,0.0,0.0,0.0,0.0,0.0
239,0.0,0.0,0.0,0.559305,0.0,0.0,0.0
240,0.0,0.0,0.0,0.0,0.0,0.0,0.0
241,0.598242,0.0,0.568457,0.715928,0.0,0.0,0.664814
242,0.0,0.0,0.5431779999999999,0.0,0.0,0.0,0.0
243,0.0,0.0,0.575824,0.0,0.0,0.0,0.0
244,0.0,0.0,0.803834,0.0,0.0,0.0,0.609779
245,0.0,0.0,0.652046,0.0,0.0,0.8273450000000001,0.0
246,0.554036,0.541324,0.0,0.504135,0.0,0.0,0.762985
247,0.0,0.0,0.0,0.0,0.0,0.816126,0.0
248,0.0,0.0,0.677926,0.5559529999999999,0.0,0.0,0.0
249,0.0,0.0,0.0,0.0,0.0,0.0,0.0
250,0.0,0.0,0.0,0.0,0.0,0.0,0.964671
251,0.0,0.0,0.0,0.0,0.0,0.0,0.0
252,0.0,0.0,0.0,0.6143810000000001,0.0,0.0,0.0
253,0.500676,0.0,0.0,0.0,0.0,0.0,0.6464340000000001
254,0.0,0.0,0.0,0.0,0.0,0.0,0.628292
255,0.0,0.0,0.0,0.0,0.0,0.0,0.0
256,0.0,0.0,0.0,0.0,0.0,0.0,0.0
257,0.0,0.0,0.552022,0.0,0.0,0.0,0.713957
258,0.0,0.0,0.0,0.0,0.0,0.0,0.0
259,0.710967,0.0,0.0,0.0,0.0,0.0,0.0
260,0.0,0.0,0.814361,0.0,0.0,0.0,0.860129
261,0.0,0.0,0.0,0.0,0.0,0.0,0.0
262,0.0,0.710547,0.0,0.0,0.0,0.0,0.522584
263,0.0,0.0,0.678489,0.0,0.0,0.0,0.915516
264,0.0,0.0,0.790108,0.0,0.0,0.0,0.0
265,0.0,0.0,0.0,0.0,0.0,0.0,0.0
266,0.0,0.0,0.548775,0.0,0.0,0.0,0.9267049999999999
267,0.0,0.0,0.0,0.0,0.566245,0.0,0.87324
268,0.55474,0.0,0.0,0.0,0.529684,0.0,0.0
269,0.0,0.0,0.6112850000000001,0.0,0.0,0.0,0.956558
270,0.566386,0.560329,0.675325,0.599002,0.0,0.0,0.674817
271,0.0,0.555128,0.0,0.0,0.0,0.0,0.753938
272,0.0,0.0,0.0,0.0,0.0,0.0,0.0
273,0.0,0.0,0.716501,0.0,0.0,0.0,0.619775
274,0.0,0.0,0.8199629999999999,0.0,0.0,0.0,0.0
275,0.0,0.0,0.0,0.0,0.0,0.0,0.0
276,0.0,0.0,0.0,0.679828,0.0,0.0,0.942918
277,0.0,0.0,0.0,0.0,0.0,0.0,0.0
278,0.0,0.0,0.0,0.0,0.0,0.0,0.774373
279,0.0,0.0,0.0,0.0,0.0,0.0,0.84639
280,0.0,0.0,0.0,0.0,0.0,0.0,0.0
281,0.0,0.0,0.0,0.65683,0.8459049999999999,0.0,0.0
282,0.0,0.0,0.654383,0.5943609999999999,0.0,0.0,0.581819
283,0.597057,0.0,0.581152,0.0,0.0,0.0,0.0
284,0.549701,0.0,0.6279939999999999,0.561558,0.0,0.0,0.6113430000000001
285,0.0,0.0,0.0,0.0,0.0,0.0,0.0
286,0.0,0.587074,0.0,0.5411100000000001,0.0,0.0,0.0
287,0.0,0.0,0.0,0.0,0.0,0.0,0.0
288,0.0,0.0,0.541887,0.0,0.0,0.0,0.6767340000000001
289,0.0,0.0,0.644418,0.538892,0.0,0.0,0.9380350000000001
290,0.0,0.0,0.0,0.0,0.0,0.0,0.0
291,0.0,0.0,0.556227,0.0,0.0,0.0,0.674204
292,0.0,0.0,0.0,0.0,0.0,0.0,0.7592760000000001
293,0.0,0.0,0.0,0.0,0.5951,0.795824,0.0
294,0.0,0.0,0.0,0.0,0.0,0.0,0.780521
295,0.0,0.0,0.523249,0.0,0.0,0.0,0.9376450000000001
296,0.0,0.0,0.51635,0.0,0.0,0.0,0.655307
297,0.0,0.0,0.691522,0.539697,0.0,0.519207,0.0
298,0.0,0.0,0.0,0.0,0.0,0.0,0.0
299,0.0,0.0,0.0,0.673144,0.0,0.0,0.5148590000000001
300,0.787246,0.0,0.0,0.0,0.0,0.0,0.0
301,0.0,0.0,0.513008,0.0,0.0,0.0,0.0
302,0.0,0.0,0.0,0.0,0.0,0.0,0.0
303,0.0,0.0,0.0,0.0,0.0,0.0,0.0
304,0.0,0.0,0.0,0.0,0.5376810000000001,0.0,0.0
305,0.0,0.0,0.0,0.0,0.0,0.0,0.861884
306,0.0,0.0,0.0,0.0,0.0,0.0,0.6832
307,0.0,0.0,0.743185,0.0,0.0,0.0,0.0
308,0.0,0.0,0.52954,0.0,0.0,0.0,0.828901
309,0.0,0.0,0.0,0.0,0.0,0.579062,0.0
310,0.0,0.0,0.0,0.0,0.0,0.0,0.9807170000000001
311,0.0,0.0,0.0,0.0,0.0,0.0,0.8898229999999999
312,0.639234,0.0,0.0,0.0,0.5805020000000001,0.0,0.0
313,0.631803,0.0,0.521476,0.0,0.0,0.0,0.0
314,0.0,0.0,0.670402,0.54594,0.530187,0.0,0.785837
315,0.0,0.0,0.0,0.528069,0.0,0.0,0.7460939999999999
316,0.0,0.0,0.0,0.0,0.0,0.0,0.0
317,0.0,0.0,0.0,0.7664380000000001,0.0,0.0,0.0
318,0.0,0.0,0.518004,0.0,0.0,0.8695780000000001,0.0
319,0.0,0.529381,0.0,0.56891,0.0,0.0,0.8585
320,0.0,0.0,0.0,0.686241,0.0,0.0,0.65945
321,0.0,0.0,0.0,0.0,0.0,0.0,0.592721
322,0.0,0.0,0.0,0.559305,0.0,0.0,0.0
323,0.0,0.0,0.9013639999999999,0.0,0.0,0.872848,0.0
324,0.0,0.0,0.0,0.0,0.0,0.0,0.0
325,0.0,0.0,0.0,0.0,0.0,0.0,0.820491
326,0.0,0.0,0.5133300000000001,0.0,0.0,0.0,0.624242
327,0.0,0.0,0.0,0.0,0.0,0.0,0.0
328,0.0,0.0,0.659583,0.0,0.0,0.0,0.917588
329,0.0,0.0,0.0,0.0,0.0,0.0,0.0
330,0.0,0.0,0.0,0.0,0.0,0.0,0.0
331,0.0,0.0,0.0,0.0,0.0,0.0,0.0
332,0.0,0.0,0.0,0.0,0.0,0.0,0.0
333,0.0,0.0,0.0,0.54986,0.0,0.0,0.0
334,0.0,0.0,0.0,0.0,0.0,0.0,0.6651520000000001
335,0.5530229999999999,0.0,0.0,0.0,0.0,0.0,0.932191
336,0.0,0.0,0.0,0.0,0.0,0.9647479999999999,0.0
337,0.0,0.0,0.581001,0.591062,0.0,0.0,0.0
338,0.0,0.0,0.0,0.0,0.0,0.0,0.0
339,0.0,0.0,0.8199629999999999,0.0,0.0,0.0,0.0
340,0.0,0.0,0.0,0.0,0.0,0.0,0.0
341,0.0,0.0,0.0,0.651367,0.0,0.9043770000000001,0.0
342,0.0,0.0,0.733356,0.669458,0.0,0.0,0.510405
343,0.0,0.0,0.639948,0.576724,0.0,0.0,0.0
344,0.0,0.0,0.0,0.670403,0.0,0.654003,0.0
345,0.0,0.0,0.0,0.0,0.0,0.0,0.0
346,0.0,0.0,0.0,0.5260779999999999,0.0,0.74647,0.0
347,0.0,0.0,0.681222,0.0,0.0,0.0,0.80186
348,0.0,0.0,0.0,0.0,0.0,0.0,0.0
349,0.0,0.0,0.0,0.511914,0.0,0.0,0.0
350,0.0,0.0,0.0,0.695448,0.0,0.0,0.0
351,0.0,0.0,0.730142,0.0,0.0,0.947102,0.0
352,0.0,0.0,0.58875,0.593784,0.0,0.0,0.6309640000000001
353,0.0,0.0,0.6804279999999999,0.0,0.0,0.629156,0.0
354,0.0,0.525698,0.0,0.0,0.0,0.0,0.5936130000000001
355,0.0,0.0,0.0,0.633188,0.51803,0.0,0.599461
356,0.0,0.0,0.0,0.0,0.0,0.0,0.729716
357,0.0,0.0,0.518772,0.0,0.0,0.0,0.0
358,0.0,0.0,0.8981030000000001,0.0,0.0,0.0,0.0
359,0.0,0.0,0.0,0.0,0.0,0.0,0.0
360,0.0,0.0,0.0,0.0,0.0,0.0,0.0
361,0.0,0.0,0.0,0.0,0.0,0.0,0.0
362,0.0,0.0,0.0,0.0,0.0,0.0,0.8341139999999999
363,0.0,0.0,0.645662,0.0,0.0,0.0,0.6773140000000001
364,0.0,0.0,0.0,0.0,0.606715,0.0,0.0
365,0.0,0.0,0.0,0.0,0.0,0.0,0.758876
366,0.0,0.0,0.0,0.0,0.0,0.0,0.9466040000000001
367,0.0,0.0,0.0,0.0,0.0,0.0,0.0
368,0.0,0.0,0.0,0.0,0.0,0.56153,0.0
369,0.0,0.0,0.0,0.0,0.0,0.0,0.726707
370,0.0,0.6794520000000001,0.6996640000000001,0.0,0.0,0.0,0.787305
371,0.0,0.0,0.6868850000000001,0.0,0.0,0.0,0.912774
372,0.0,0.0,0.8804350000000001,0.0,0.0,0.0,0.0
373,0.0,0.0,0.0,0.619664,0.0,0.0,0.910802
374,0.0,0.0,0.0,0.0,0.0,0.0,0.0
375,0.0,0.0,0.8313290000000001,0.0,0.5650270000000001,0.0,0.802335
376,0.0,0.0,0.0,0.677503,0.0,0.0,0.633525
377,0.0,0.5515439999999999,0.0,0.512595,0.6229520000000001,0.883574,0.0
378,0.0,0.0,0.0,0.0,0.0,0.0,0.723823
379,0.0,0.0,0.0,0.0,0.0,0.0,0.9807170000000001
380,0.0,0.0,0.0,0.0,0.0,0.0,0.624606
381,0.0,0.0,0.0,0.70105,0.0,0.0,0.889342
382,0.0,0.0,0.651591,0.514512,0.0,0.0,0.7592760000000001
383,0.0,0.0,0.0,0.728093,0.0,0.0,0.900473
384,0.0,0.0,0.0,0.0,0.0,0.0,0.0
385,0.600046,0.7173970000000001,0.0,0.630463,0.0,0.0,0.7055060000000001
386,0.0,0.0,0.7888189999999999,0.0,0.0,0.0,0.0
387,0.55474,0.0,0.0,0.0,0.529684,0.0,0.0
388,0.0,0.0,0.0,0.0,0.0,0.0,0.0
389,0.0,0.0,0.0,0.0,0.0,0.691449,0.0
390,0.0,0.0,0.0,0.0,0.0,0.0,0.0
391,0.0,0.0,0.0,0.0,0.0,0.0,0.570503
392,0.0,0.0,0.0,0.7178,0.0,0.0,0.773139
393,0.725245,0.0,0.0,0.0,0.0,0.0,0.0
394,0.0,0.0,0.0,0.0,0.0,0.0,0.0
395,0.588118,0.604318,0.0,0.706203,0.0,0.0,0.676888
396,0.0,0.0,0.0,0.0,0.0,0.0,0.9807170000000001
397,0.0,0.0,0.663655,0.0,0.0,0.0,0.7572909999999999
398,0.0,0.0,0.614105,0.0,0.0,0.890603,0.0
399,0.0,0.0,0.0,0.0,0.0,0.0,0.0
400,0.0,0.673079,0.624373,0.0,0.0,0.0,0.0
401,0.0,0.0,0.0,0.8676959999999999,0.0,0.674519,0.0
402,0.0,0.0,0.593983,0.0,0.0,0.0,0.946019
403,0.0,0.0,0.0,0.5947100000000001,0.646509,0.0,0.695059
404,0.0,0.0,0.0,0.0,0.0,0.0,0.7315149999999999
405,0.0,0.0,0.0,0.681818,0.828585,0.0,0.0
406,0.692797,0.0,0.0,0.0,0.0,0.0,0.0
407,0.0,0.0,0.0,0.0,0.0,0.56153,0.0
408,0.531,0.0,0.0,0.618678,0.0,0.0,0.741305
409,0.0,0.0,0.0,0.0,0.0,0.0,0.8242879999999999
410,0.0,0.0,0.0,0.637811,0.0,0.8980239999999999,0.0
411,0.0,0.0,0.0,0.0,0.0,0.0,0.624606
412,0.0,0.0,0.0,0.52982,0.0,0.0,0.0
413,0.0,0.0,0.0,0.0,0.0,0.0,0.8538899999999999
414,0.0,0.0,0.0,0.0,0.0,0.0,0.0
415,0.5739,0.0,0.0,0.519121,0.0,0.0,0.686806
416,0.0,0.0,0.613988,0.0,0.0,0.0,0.0
417,0.0,0.0,0.0,0.695448,0.0,0.0,0.0
418,0.0,0.0,0.0,0.5454319999999999,0.0,0.0,0.0
419,0.0,0.0,0.0,0.508259,0.0,0.0,0.683239
420,0.0,0.0,0.0,0.0,0.0,0.0,0.0
421,0.0,0.0,0.0,0.0,0.0,0.0,0.0
422,0.0,0.522622,0.571074,0.0,0.0,0.0,0.0
423,0.0,0.0,0.0,0.0,0.0,0.0,0.9466040000000001
424,0.0,0.0,0.653118,0.576994,0.0,0.0,0.0
425,0.0,0.0,0.6492020000000001,0.0,0.0,0.0,0.615225
426,0.0,0.0,0.706048,0.0,0.0,0.0,0.0
427,0.0,0.0,0.0,0.0,0.0,0.0,0.0
428,0.0,0.0,0.0,0.6759970000000001,0.0,0.5098020000000001,0.0
429,0.7216,0.0,0.0,0.630985,0.0,0.0,0.547409
430,0.0,0.0,0.0,0.0,0.0,0.0,0.0
431,0.0,0.0,0.0,0.0,0.0,0.0,0.0
432,0.0,0.539036,0.6409060000000001,0.0,0.0,0.0,0.771255
433,0.0,0.0,0.0,0.0,0.0,0.0,0.0
434,0.0,0.0,0.604715,0.597704,0.0,0.0,0.0
435,0.0,0.0,0.0,0.500464,0.0,0.0,0.8523440000000001
436,0.0,0.0,0.0,0.0,0.0,0.0,0.7532439999999999
437,0.6081810000000001,0.0,0.0,0.0,0.0,0.0,0.0
438,0.0,0.0,0.0,0.623607,0.0,0.0,0.0
439,0.674804,0.0,0.0,0.0,0.0,0.0,0.6250680000000001
440,0.0,0.0,0.0,0.0,0.0,0.766185,0.0
441,0.0,0.0,0.0,0.7017909999999999,0.0,0.0,0.9292469999999999
442,0.0,0.0,0.0,0.0,0.0,0.0,0.654039
443,0.0,0.6372180000000001,0.0,0.565811,0.0,0.0,0.7559239999999999
444,0.0,0.0,0.0,0.74605,0.0,0.0,0.8726219999999999
445,0.0,0.586195,0.0,0.534899,0.0,0.0,0.802639
446,0.0,0.0,0.540509,0.0,0.0,0.0,0.901078
447,0.0,0.0,0.0,0.5260779999999999,0.0,0.74647,0.0
448,0.0,0.0,0.0,0.5990340000000001,0.0,0.0,0.9066489999999999
449,0.0,0.0,0.0,0.766703,0.0,0.0,0.840426
450,0.0,0.0,0.0,0.0,0.0,0.0,0.0
451,0.509159,0.0,0.0,0.0,0.0,0.0,0.0
452,0.0,0.0,0.0,0.0,0.0,0.0,0.0
453,0.589742,0.0,0.0,0.515996,0.0,0.0,0.809974
454,0.0,0.0,0.834233,0.0,0.0,0.0,0.0
455,0.791497,0.0,0.0,0.0,0.0,0.0,0.707919
456,0.0,0.620171,0.0,0.690517,0.0,0.0,0.0
457,0.0,0.0,0.0,0.0,0.0,0.0,0.0
458,0.557117,0.0,0.529258,0.0,0.0,0.0,0.623513
459,0.0,0.0,0.0,0.0,0.0,0.0,0.816786
460,0.0,0.0,0.612308,0.0,0.0,0.0,0.693253
461,0.6793399999999999,0.0,0.0,0.0,0.0,0.0,0.0
462,0.0,0.0,0.0,0.623825,0.0,0.0,0.9097930000000001
463,0.0,0.0,0.0,0.0,0.0,0.0,0.0
464,0.0,0.0,0.0,0.505641,0.918441,0.0,0.777659
465,0.0,0.0,0.562555,0.639772,0.0,0.0,0.0
466,0.0,0.599033,0.0,0.0,0.0,0.6720010000000001,0.0
467,0.0,0.0,0.0,0.560425,0.0,0.0,0.584665
468,0.0,0.0,0.0,0.0,0.0,0.0,0.9807170000000001
469,0.0,0.0,0.0,0.608545,0.756695,0.0,0.0
470,0.0,0.0,0.0,0.0,0.0,0.0,0.512075
471,0.0,0.0,0.62668,0.0,0.0,0.0,0.0
472,0.0,0.0,0.669779,0.0,0.0,0.0,0.0
473,0.649824,0.0,0.0,0.0,0.0,0.518872,0.0
474,0.574224,0.0,0.0,0.0,0.0,0.0,0.5249
475,0.0,0.0,0.0,0.0,0.0,0.0,0.0
476,0.0,0.0,0.0,0.0,0.0,0.0,0.0
477,0.0,0.0,0.0,0.0,0.0,0.0,0.0
478,0.0,0.0,0.0,0.669118,0.0,0.0,0.53993
479,0.0,0.0,0.0,0.0,0.0,0.0,0.0
480,0.0,0.0,0.0,0.0,0.540049,0.0,0.871717
481,0.0,0.0,0.0,0.607029,0.0,0.0,0.868293
482,0.0,0.0,0.0,0.0,0.0,0.0,0.0
483,0.0,0.0,0.0,0.511404,0.0,0.0,0.8242309999999999
484,0.578195,0.0,0.0,0.0,0.0,0.0,0.5318970000000001
485,0.0,0.0,0.8804350000000001,0.0,0.0,0.0,0.0
486,0.548303,0.0,0.0,0.0,0.0,0.0,0.5268579999999999
487,0.0,0.0,0.518772,0.0,0.0,0.0,0.0
488,0.0,0.0,0.0,0.0,0.0,0.0,0.0
489,0.0,0.0,0.0,0.0,0.0,0.0,0.0
490,0.0,0.0,0.0,0.0,0.0,0.0,0.0
491,0.0,0.568063,0.0,0.0,0.0,0.5665819999999999,0.0
492,0.0,0.0,0.683154,0.0,0.0,0.742088,0.0
493,0.0,0.0,0.0,0.7368600000000001,0.0,0.0,0.0
494,0.0,0.0,0.0,0.548964,0.0,0.0,0.695677
495,0.0,0.0,0.0,0.0,0.0,0.0,0.0
496,0.0,0.0,0.5198109999999999,0.603809,0.8323719999999999,0.0,0.785942
497,0.5530229999999999,0.0,0.0,0.0,0.0,0.0,0.932191
498,0.0,0.0,0.0,0.0,0.0,0.0,0.0
499,0.0,0.0,0.0,0.71732,0.0,0.0,0.0
500,0.0,0.0,0.579802,0.642403,0.0,0.0,0.0
501,0.0,0.0,0.0,0.0,0.0,0.0,0.0
502,0.0,0.0,0.6053470000000001,0.0,0.0,0.0,0.603607
503,0.797452,0.0,0.0,0.0,0.0,0.0,0.8559100000000001
504,0.0,0.0,0.628923,0.0,0.0,0.0,0.0
505,0.0,0.0,0.0,0.640587,0.592421,0.0,0.72544
506,0.0,0.0,0.0,0.0,0.0,0.0,0.0
507,0.0,0.0,0.612797,0.0,0.0,0.0,0.0
508,0.0,0.0,0.705021,0.0,0.0,0.0,0.0
509,0.0,0.0,0.7240880000000001,0.0,0.0,0.0,0.707946
510,0.0,0.0,0.0,0.0,0.0,0.0,0.0
511,0.0,0.0,0.0,0.741247,0.0,0.0,0.8724569999999999
512,0.0,0.0,0.0,0.0,0.0,0.0,0.0
513,0.0,0.0,0.514088,0.0,0.0,0.0,0.0
514,0.0,0.0,0.697034,0.59096,0.0,0.0,0.5917020000000001
515,0.0,0.0,0.6012890000000001,0.0,0.0,0.0,0.810742
516,0.0,0.0,0.0,0.0,0.0,0.0,0.9807170000000001
517,0.5555260000000001,0.0,0.0,0.0,0.0,0.0,0.0
518,0.0,0.0,0.0,0.0,0.0,0.0,0.0
519,0.60954,0.0,0.0,0.0,0.0,0.0,0.0
520,0.0,0.0,0.0,0.0,0.0,0.0,0.0
521,0.0,0.0,0.0,0.0,0.0,0.0,0.0
522,0.0,0.0,0.509613,0.0,0.500256,0.784829,0.0
523,0.0,0.0,0.0,0.0,0.0,0.0,0.0
524,0.5768439999999999,0.0,0.0,0.0,0.0,0.0,0.0
525,0.0,0.0,0.0,0.0,0.0,0.0,0.0
526,0.0,0.0,0.5482560000000001,0.0,0.0,0.0,0.0
527,0.0,0.714696,0.0,0.0,0.0,0.0,0.718751
528,0.0,0.0,0.54371,0.0,0.0,0.884891,0.0
529,0.0,0.0,0.0,0.0,0.0,0.0,0.0
530,0.0,0.0,0.0,0.0,0.6742640000000001,0.0,0.0
531,0.0,0.515921,0.0,0.564682,0.0,0.0,0.744554
532,0.0,0.0,0.0,0.792523,0.0,0.0,0.0
533,0.0,0.0,0.0,0.0,0.0,0.0,0.0
534,0.0,0.0,0.0,0.705385,0.0,0.0,0.0
535,0.791497,0.0,0.0,0.0,0.0,0.0,0.707919
536,0.0,0.0,0.0,0.0,0.0,0.0,0.5600729999999999
537,0.0,0.0,0.0,0.623825,0.0,0.0,0.9097930000000001
538,0.0,0.0,0.0,0.0,0.0,0.0,0.526154
539,0.0,0.0,0.503434,0.0,0.687627,0.0,0.664175
540,0.0,0.0,0.609213,0.0,0.0,0.0,0.5955590000000001
541,0.0,0.0,0.0,0.0,0.0,0.0,0.0
542,0.0,0.0,0.653957,0.0,0.0,0.0,0.50771
543,0.0,0.0,0.548963,0.0,0.536467,0.0,0.590204
544,0.0,0.0,0.0,0.0,0.0,0.0,0.710838
545,0.0,0.0,0.522073,0.5126649999999999,0.0,0.0,0.0
546,0.0,0.0,0.0,0.0,0.0,0.0,0.0
547,0.0,0.0,0.783157,0.0,0.0,0.0,0.769624
548,0.0,0.0,0.6452260000000001,0.0,0.0,0.0,0.56172
549,0.0,0.573258,0.0,0.0,0.0,0.0,0.969348
550,0.0,0.0,0.0,0.625816,0.0,0.567855,0.0
551,0.0,0.0,0.0,0.0,0.0,0.0,0.0
552,0.0,0.0,0.0,0.0,0.0,0.0,0.0
553,0.0,0.0,0.641261,0.0,0.0,0.686032,0.0
554,0.0,0.0,0.775505,0.0,0.0,0.0,0.841827
555,0.0,0.0,0.0,0.67256,0.0,0.0,0.734481
556,0.0,0.0,0.0,0.0,0.0,0.0,0.0
557,0.0,0.0,0.0,0.0,0.0,0.0,0.0
558,0.0,0.0,0.0,0.0,0.0,0.0,0.0
559,0.0,0.0,0.0,0.0,0.0,0.0,0.0
560,0.0,0.0,0.0,0.0,0.0,0.0,0.612262
561,0.656714,0.0,0.0,0.0,0.0,0.0,0.809154
562,0.0,0.0,0.0,0.0,0.0,0.0,0.570847
563,0.0,0.0,0.897755,0.0,0.0,0.796607,0.0
564,0.0,0.529285,0.0,0.619803,0.9762,0.0,0.0
565,0.549421,0.0,0.5998060000000001,0.583734,0.0,0.0,0.0
566,0.0,0.0,0.0,0.609309,0.0,0.0,0.951569
567,0.0,0.0,0.5957600000000001,0.0,0.0,0.0,0.0
568,0.6167090000000001,0.0,0.0,0.0,0.0,0.0,0.0
569,0.0,0.0,0.0,0.0,0.0,0.0,0.0
570,0.0,0.0,0.0,0.0,0.0,0.0,0.0
571,0.0,0.0,0.0,0.0,0.0,0.0,0.0
572,0.7060390000000001,0.0,0.0,0.0,0.0,0.0,0.612988
573,0.0,0.0,0.900909,0.0,0.0,0.0,0.0
574,0.0,0.0,0.0,0.0,0.0,0.0,0.8823840000000001
575,0.0,0.0,0.0,0.5454319999999999,0.0,0.0,0.0
576,0.0,0.0,0.0,0.0,0.0,0.0,0.0
577,0.0,0.0,0.0,0.5939399999999999,0.0,0.0,0.0
578,0.0,0.0,0.0,0.0,0.0,0.0,0.0
579,0.0,0.698723,0.0,0.0,0.0,0.0,0.0
580,0.0,0.0,0.0,0.0,0.0,0.0,0.0
581,0.0,0.0,0.0,0.531215,0.0,0.0,0.89684
582,0.0,0.0,0.0,0.712358,0.0,0.0,0.90889
583,0.0,0.0,0.634303,0.532062,0.0,0.691006,0.0
584,0.0,0.0,0.0,0.0,0.0,0.0,0.0
585,0.676428,0.701087,0.0,0.690029,0.0,0.0,0.783658
586,0.0,0.0,0.0,0.5442239999999999,0.0,0.610943,0.0
587,0.0,0.0,0.0,0.87444,0.0,0.0,0.0
588,0.0,0.0,0.6413260000000001,0.0,0.0,0.0,0.8361040000000001
589,0.0,0.0,0.0,0.0,0.0,0.0,0.0
590,0.0,0.0,0.0,0.0,0.0,0.0,0.8242879999999999
591,0.592911,0.0,0.0,0.0,0.0,0.0,0.8583729999999999
592,0.610546,0.0,0.0,0.0,0.0,0.0,0.0
593,0.0,0.0,0.0,0.72922,0.0,0.0,0.751552
594,0.518291,0.0,0.0,0.0,0.0,0.0,0.730255
595,0.0,0.0,0.519321,0.0,0.0,0.0,0.5269739999999999
596,0.0,0.0,0.0,0.0,0.0,0.0,0.757587
597,0.0,0.0,0.573346,0.0,0.0,0.0,0.619379
598,0.0,0.0,0.0,0.0,0.0,0.0,0.0
599,0.50936,0.0,0.557394,0.0,0.0,0.0,0.757451
600,0.0,0.0,0.0,0.0,0.0,0.0,0.685841
601,0.0,0.0,0.72491,0.5173180000000001,0.0,0.0,0.8997459999999999
602,0.515467,0.0,0.0,0.0,0.0,0.0,0.0
603,0.517319,0.0,0.551596,0.577661,0.0,0.0,0.0
604,0.0,0.0,0.0,0.72922,0.0,0.0,0.751552
605,0.620609,0.0,0.0,0.0,0.0,0.0,0.0
606,0.0,0.0,0.524832,0.0,0.0,0.0,0.0
607,0.7090310000000001,0.0,0.550074,0.0,0.0,0.0,0.6719229999999999
608,0.0,0.0,0.897755,0.0,0.0,0.796607,0.0
609,0.532013,0.0,0.0,0.0,0.594663,0.0,0.0
610,0.0,0.0,0.577708,0.0,0.0,0.0,0.8419
611,0.0,0.0,0.561504,0.6569699999999999,0.0,0.0,0.0
612,0.0,0.0,0.0,0.0,0.0,0.0,0.51565
613,0.0,0.0,0.0,0.0,0.0,0.0,0.821209
614,0.0,0.0,0.715954,0.0,0.632616,0.0,0.0
615,0.0,0.0,0.0,0.715817,0.0,0.0,0.0
616,0.0,0.0,0.0,0.523075,0.0,0.0,0.0
617,0.5274409999999999,0.0,0.0,0.0,0.0,0.0,0.872043
618,0.0,0.0,0.0,0.724028,0.0,0.8094640000000001,0.0
619,0.764169,0.0,0.0,0.0,0.0,0.5912430000000001,0.0
620,0.0,0.0,0.0,0.798222,0.0,0.0,0.0
621,0.0,0.0,0.0,0.739223,0.0,0.0,0.0
622,0.0,0.0,0.0,0.0,0.0,0.0,0.8357829999999999
623,0.633973,0.0,0.0,0.0,0.0,0.0,0.699263
624,0.0,0.0,0.0,0.0,0.0,0.0,0.0
625,0.0,0.0,0.7786270000000001,0.0,0.0,0.0,0.0
626,0.0,0.0,0.0,0.8133729999999999,0.8187409999999999,0.0,0.0
627,0.0,0.0,0.522073,0.5126649999999999,0.0,0.0,0.0
628,0.0,0.529285,0.0,0.619803,0.9762,0.0,0.0
629,0.0,0.0,0.0,0.0,0.0,0.0,0.0
630,0.0,0.0,0.0,0.546031,0.726795,0.0,0.844101
631,0.0,0.0,0.0,0.0,0.0,0.0,0.0
632,0.0,0.0,0.0,0.0,0.0,0.0,0.0
633,0.0,0.0,0.0,0.0,0.0,0.0,0.5759569999999999
634,0.0,0.0,0.0,0.625846,0.0,0.0,0.0
635,0.0,0.0,0.574765,0.0,0.0,0.0,0.0
636,0.0,0.0,0.0,0.0,0.0,0.0,0.0
637,0.71649,0.0,0.0,0.52089,0.0,0.0,0.0
638,0.0,0.0,0.0,0.0,0.0,0.511269,0.0
639,0.0,0.0,0.0,0.632937,0.738785,0.0,0.0
640,0.0,0.0,0.0,0.0,0.0,0.0,0.0
641,0.0,0.0,0.0,0.0,0.0,0.0,0.0
642,0.5622550000000001,0.0,0.0,0.0,0.0,0.0,0.880066
643,0.0,0.0,0.0,0.0,0.0,0.0,0.0
644,0.0,0.0,0.513337,0.0,0.0,0.0,0.61264
645,0.5623,0.0,0.0,0.0,0.0,0.0,0.0
646,0.823491,0.0,0.0,0.0,0.0,0.0,0.840166
647,0.0,0.0,0.54371,0.0,0.0,0.884891,0.0
648,0.0,0.0,0.0,0.0,0.0,0.0,0.0
649,0.0,0.0,0.0,0.0,0.0,0.0,0.0
650,0.0,0.0,0.0,0.0,0.0,0.0,0.0
651,0.0,0.0,0.0,0.762049,0.0,0.0,0.631155
652,0.0,0.0,0.72159,0.0,0.0,0.0,0.0
653,0.0,0.0,0.0,0.0,0.0,0.0,0.9516610000000001
654,0.0,0.0,0.0,0.718734,0.0,0.0,0.594388
655,0.686772,0.0,0.0,0.0,0.0,0.0,0.882545
656,0.0,0.0,0.0,0.0,0.0,0.0,0.0
657,0.0,0.0,0.0,0.0,0.0,0.0,0.0
658,0.630672,0.0,0.0,0.0,0.0,0.0,0.589202
659,0.0,0.0,0.0,0.0,0.0,0.0,0.0
660,0.0,0.0,0.0,0.0,0.0,0.0,0.0
661,0.0,0.0,0.0,0.587701,0.0,0.0,0.0
662,0.0,0.0,0.0,0.0,0.0,0.6376189999999999,0.0
663,0.50188,0.0,0.641436,0.0,0.0,0.0,0.0
664,0.0,0.0,0.0,0.0,0.0,0.0,0.0
665,0.0,0.0,0.0,0.0,0.0,0.0,0.0
666,0.0,0.0,0.0,0.0,0.0,0.0,0.0
667,0.0,0.0,0.0,0.0,0.0,0.0,0.526154
668,0.0,0.0,0.675118,0.682325,0.0,0.0,0.0
669,0.0,0.0,0.0,0.0,0.0,0.0,0.0
670,0.0,0.0,0.0,0.0,0.0,0.0,0.0
671,0.0,0.0,0.0,0.0,0.0,0.0,0.721494
672,0.0,0.0,0.0,0.0,0.0,0.0,0.0
673,0.933359,0.0,0.0,0.0,0.0,0.0,0.534906
674,0.0,0.0,0.633351,0.0,0.0,0.0,0.66655
675,0.0,0.0,0.0,0.5488529999999999,0.0,0.0,0.9622780000000001
676,0.0,0.0,0.0,0.0,0.0,0.0,0.0
677,0.0,0.0,0.523982,0.527153,0.0,0.0,0.0
678,0.0,0.0,0.0,0.0,0.0,0.0,0.0
679,0.0,0.0,0.563573,0.562277,0.0,0.0,0.911219
680,0.0,0.0,0.0,0.0,0.0,0.0,0.0
681,0.0,0.0,0.883014,0.0,0.0,0.0,0.610596
682,0.0,0.0,0.0,0.668219,0.0,0.0,0.7213149999999999
683,0.0,0.0,0.0,0.625816,0.0,0.567855,0.0
684,0.0,0.0,0.0,0.0,0.0,0.0,0.0
685,0.0,0.0,0.0,0.0,0.0,0.0,0.0
686,0.0,0.0,0.56124,0.0,0.0,0.0,0.0
687,0.0,0.0,0.0,0.0,0.0,0.0,0.9807170000000001
688,0.0,0.0,0.0,0.0,0.0,0.866766,0.0
689,0.0,0.0,0.0,0.0,0.0,0.0,0.0
690,0.0,0.0,0.0,0.644358,0.7042729999999999,0.0,0.0
691,0.0,0.0,0.0,0.803261,0.0,0.0,0.0
692,0.0,0.0,0.0,0.0,0.724797,0.0,0.777143
693,0.0,0.0,0.0,0.0,0.0,0.909113,0.0
694,0.0,0.0,0.0,0.0,0.0,0.0,0.573336
695,0.0,0.0,0.0,0.0,0.0,0.0,0.0
696,0.928832,0.0,0.0,0.0,0.0,0.0,0.697487
697,0.0,0.0,0.0,0.0,0.0,0.0,0.0
698,0.0,0.0,0.0,0.0,0.0,0.958393,0.0
699,0.0,0.0,0.0,0.0,0.569901,0.0,0.0
700,0.0,0.0,0.0,0.0,0.0,0.0,0.0
701,0.0,0.0,0.0,0.612172,0.0,0.0,0.8263530000000001
702,0.0,0.0,0.0,0.0,0.0,0.0,0.6996060000000001
703,0.0,0.0,0.0,0.0,0.0,0.0,0.905066
704,0.0,0.0,0.6912050000000001,0.0,0.0,0.0,0.0
705,0.0,0.0,0.0,0.0,0.0,0.0,0.889217
706,0.0,0.0,0.0,0.0,0.0,0.0,0.734848
707,0.0,0.0,0.0,0.0,0.0,0.0,0.0
708,0.0,0.0,0.0,0.0,0.0,0.0,0.9154969999999999
709,0.0,0.0,0.5114890000000001,0.0,0.0,0.0,0.0
710,0.0,0.0,0.610444,0.697254,0.0,0.0,0.984634
711,0.5286489999999999,0.0,0.0,0.6799,0.0,0.0,0.0
712,0.0,0.0,0.0,0.0,0.0,0.0,0.0
713,0.0,0.0,0.0,0.550746,0.0,0.0,0.9237270000000001
714,0.0,0.0,0.0,0.0,0.0,0.0,0.0
715,0.0,0.0,0.0,0.8133729999999999,0.8187409999999999,0.0,0.0
716,0.0,0.0,0.0,0.0,0.0,0.0,0.0
717,0.0,0.0,0.0,0.0,0.0,0.0,0.0
718,0.0,0.0,0.0,0.0,0.0,0.841047,0.0
719,0.0,0.0,0.0,0.0,0.0,0.0,0.7442489999999999
720,0.0,0.0,0.0,0.0,0.0,0.0,0.655928
721,0.0,0.0,0.0,0.0,0.0,0.0,0.639591
722,0.0,0.0,0.0,0.636472,0.0,0.0,0.0
723,0.0,0.0,0.0,0.0,0.0,0.0,0.0
724,0.0,0.0,0.0,0.0,0.0,0.0,0.0
725,0.0,0.0,0.0,0.0,0.0,0.0,0.0
726,0.0,0.0,0.6956439999999999,0.0,0.0,0.0,0.0
727,0.0,0.0,0.833414,0.0,0.0,0.0,0.0
728,0.0,0.0,0.0,0.55385,0.0,0.0,0.0
729,0.823491,0.0,0.0,0.0,0.0,0.0,0.840166
730,0.0,0.0,0.610298,0.597206,0.0,0.0,0.979466
731,0.0,0.0,0.0,0.603858,0.0,0.0,0.832667
732,0.0,0.0,0.0,0.0,0.0,0.0,0.0
733,0.0,0.0,0.0,0.0,0.0,0.0,0.0
734,0.0,0.0,0.0,0.0,0.0,0.0,0.0
735,0.0,0.0,0.0,0.0,0.0,0.0,0.9807170000000001
736,0.5274409999999999,0.0,0.0,0.0,0.0,0.0,0.872043
737,0.0,0.0,0.0,0.0,0.0,0.0,0.0
738,0.0,0.0,0.530235,0.694172,0.0,0.808712,0.0
739,0.0,0.0,0.678157,0.0,0.0,0.0,0.940641
740,0.0,0.752748,0.0,0.6917989999999999,0.65908,0.0,0.5960270000000001
741,0.0,0.0,0.0,0.0,0.0,0.0,0.0
742,0.597753,0.0,0.0,0.0,0.0,0.0,0.627861
743,0.0,0.0,0.568103,0.610016,0.0,0.0,0.7234189999999999
744,0.0,0.0,0.0,0.5858399999999999,0.0,0.0,0.724637
745,0.0,0.0,0.67443,0.594408,0.83178,0.0,0.897876
746,0.0,0.0,0.512337,0.6708770000000001,0.0,0.0,0.0
747,0.0,0.0,0.0,0.0,0.0,0.0,0.0
748,0.0,0.0,0.0,0.0,0.0,0.0,0.0
749,0.0,0.0,0.0,0.59126,0.9752549999999999,0.9365120000000001,0.0
750,0.0,0.0,0.0,0.5237729999999999,0.0,0.0,0.924543
751,0.0,0.0,0.0,0.0,0.0,0.0,0.752748
752,0.0,0.0,0.0,0.0,0.0,0.0,0.0
753,0.0,0.0,0.825275,0.0,0.0,0.0,0.9048579999999999
754,0.0,0.0,0.735987,0.0,0.0,0.0,0.0
755,0.70262,0.688647,0.637498,0.5782649999999999,0.0,0.0,0.908317
756,0.0,0.0,0.0,0.0,0.0,0.0,0.0
757,0.0,0.0,0.0,0.711398,0.0,0.0,0.539729
758,0.0,0.0,0.0,0.0,0.0,0.0,0.0
759,0.0,0.0,0.0,0.0,0.0,0.0,0.0
760,0.0,0.0,0.0,0.0,0.0,0.0,0.0
761,0.0,0.0,0.0,0.0,0.0,0.0,0.0
762,0.0,0.700811,0.628475,0.570663,0.5032909999999999,0.0,0.0
763,0.0,0.0,0.0,0.0,0.0,0.0,0.0
764,0.0,0.0,0.0,0.0,0.0,0.0,0.0
765,0.0,0.0,0.0,0.0,0.0,0.0,0.0
766,0.0,0.0,0.0,0.0,0.0,0.0,0.0
767,0.0,0.0,0.508279,0.0,0.684366,0.0,0.0
768,0.0,0.0,0.0,0.0,0.0,0.0,0.0
769,0.0,0.0,0.776932,0.0,0.0,0.869326,0.0
770,0.0,0.0,0.6902739999999999,0.0,0.0,0.0,0.0
771,0.5442640000000001,0.0,0.0,0.606284,0.0,0.0,0.8290799999999999
772,0.0,0.0,0.0,0.733051,0.0,0.0,0.0
773,0.0,0.0,0.0,0.0,0.0,0.0,0.0
774,0.0,0.0,0.0,0.0,0.0,0.0,0.0
775,0.0,0.0,0.633735,0.529026,0.0,0.0,0.0
776,0.0,0.0,0.0,0.0,0.0,0.0,0.0
777,0.0,0.0,0.0,0.0,0.0,0.0,0.0
778,0.0,0.0,0.0,0.581966,0.0,0.0,0.0
779,0.0,0.0,0.0,0.0,0.710208,0.0,0.0
780,0.0,0.0,0.5388069999999999,0.593712,0.0,0.0,0.0
781,0.0,0.0,0.0,0.0,0.0,0.0,0.0
782,0.0,0.0,0.0,0.0,0.0,0.0,0.0
783,0.0,0.0,0.0,0.0,0.0,0.0,0.0
784,0.0,0.0,0.0,0.629235,0.0,0.0,0.674204
785,0.0,0.0,0.0,0.0,0.0,0.0,0.9807170000000001
786,0.0,0.0,0.0,0.0,0.0,0.0,0.0
787,0.0,0.0,0.0,0.751052,0.0,0.0,0.8055680000000001
788,0.0,0.0,0.0,0.0,0.0,0.0,0.0
789,0.0,0.0,0.0,0.579829,0.0,0.0,0.8265389999999999
790,0.0,0.0,0.524832,0.0,0.0,0.0,0.0
791,0.0,0.0,0.0,0.803261,0.0,0.0,0.0
792,0.0,0.0,0.0,0.0,0.0,0.0,0.0
793,0.0,0.0,0.0,0.705557,0.723999,0.0,0.546435
794,0.590553,0.0,0.0,0.5672189999999999,0.0,0.0,0.68534
795,0.0,0.0,0.82691,0.0,0.0,0.0,0.0
796,0.560733,0.0,0.615981,0.0,0.0,0.0,0.7630359999999999
797,0.659028,0.0,0.0,0.0,0.0,0.0,0.873627
798,0.0,0.0,0.585838,0.0,0.0,0.800618,0.0
799,0.0,0.0,0.0,0.707102,0.0,0.0,0.8787020000000001
800,0.0,0.0,0.0,0.600885,0.0,0.0,0.534736
801,0.0,0.0,0.0,0.0,0.0,0.0,0.0
802,0.0,0.0,0.0,0.0,0.0,0.0,0.655928
803,0.0,0.518278,0.0,0.0,0.0,0.0,0.5486
804,0.0,0.0,0.0,0.5583859999999999,0.0,0.0,0.918342
805,0.0,0.0,0.0,0.0,0.0,0.0,0.0
806,0.0,0.694393,0.0,0.0,0.0,0.0,0.866976
807,0.0,0.0,0.0,0.0,0.0,0.0,0.0
808,0.0,0.0,0.0,0.0,0.0,0.0,0.784194
809,0.0,0.0,0.0,0.625398,0.0,0.0,0.853798
810,0.0,0.0,0.0,0.0,0.0,0.9286719999999999,0.0
811,0.0,0.0,0.0,0.0,0.0,0.0,0.983425
812,0.0,0.0,0.0,0.0,0.0,0.0,0.849369
813,0.0,0.0,0.662687,0.0,0.0,0.792743,0.0
814,0.0,0.0,0.0,0.0,0.0,0.0,0.9807170000000001
815,0.0,0.0,0.564411,0.0,0.0,0.0,0.0
816,0.0,0.0,0.0,0.55385,0.0,0.0,0.0
817,0.0,0.0,0.0,0.0,0.0,0.0,0.0
818,0.0,0.0,0.644874,0.0,0.0,0.0,0.621091
819,0.0,0.0,0.0,0.0,0.0,0.0,0.7918270000000001
820,0.0,0.0,0.0,0.0,0.0,0.0,0.0
821,0.0,0.0,0.879237,0.0,0.0,0.6633,0.0
822,0.0,0.0,0.0,0.0,0.0,0.0,0.0
823,0.0,0.0,0.0,0.718271,0.0,0.705889,0.0
824,0.0,0.0,0.0,0.0,0.0,0.0,0.9675799999999999
825,0.0,0.0,0.0,0.0,0.0,0.0,0.0
826,0.0,0.0,0.0,0.0,0.0,0.0,0.624134
827,0.0,0.0,0.0,0.0,0.0,0.689376,0.0
828,0.0,0.0,0.0,0.654512,0.0,0.0,0.0
829,0.0,0.0,0.0,0.0,0.0,0.0,0.714356
830,0.0,0.58662,0.0,0.0,0.0,0.0,0.808996
831,0.0,0.0,0.754375,0.0,0.0,0.0,0.8438450000000001
832,0.0,0.0,0.609062,0.546654,0.0,0.0,0.0
833,0.0,0.0,0.0,0.0,0.0,0.0,0.806005
834,0.0,0.0,0.0,0.0,0.0,0.0,0.0
835,0.0,0.0,0.0,0.0,0.0,0.0,0.0
836,0.715837,0.614834,0.603539,0.60015,0.653662,0.0,0.873975
837,0.0,0.523044,0.0,0.519746,0.0,0.0,0.0
838,0.0,0.0,0.557828,0.0,0.0,0.0,0.551999
839,0.0,0.0,0.0,0.0,0.0,0.0,0.0
840,0.0,0.0,0.578152,0.550686,0.0,0.0,0.8316040000000001
841,0.0,0.0,0.0,0.0,0.0,0.0,0.983669
842,0.0,0.0,0.0,0.0,0.559668,0.0,0.688461
843,0.0,0.0,0.0,0.0,0.0,0.0,0.0
844,0.0,0.0,0.0,0.6149279999999999,0.549182,0.0,0.7443390000000001
845,0.0,0.0,0.0,0.0,0.0,0.0,0.9409629999999999
846,0.0,0.0,0.0,0.0,0.0,0.0,0.0
847,0.0,0.0,0.0,0.5237729999999999,0.0,0.0,0.924543
848,0.931034,0.931034,0.0,0.916667,0.0,0.0,0.0
849,0.0,0.517532,0.0,0.0,0.0,0.0,0.8841379999999999
850,0.0,0.0,0.0,0.0,0.0,0.0,0.0
851,0.0,0.0,0.668981,0.0,0.0,0.0,0.0
852,0.0,0.0,0.0,0.86803,0.0,0.826377,0.0
853,0.0,0.0,0.0,0.0,0.0,0.0,0.0
854,0.0,0.0,0.0,0.0,0.0,0.0,0.0
855,0.0,0.0,0.0,0.0,0.0,0.0,0.0
856,0.0,0.518622,0.0,0.0,0.0,0.0,0.0
857,0.6252850000000001,0.0,0.0,0.0,0.0,0.0,0.50131
858,0.0,0.0,0.0,0.531834,0.0,0.0,0.0
859,0.0,0.0,0.0,0.0,0.0,0.773957,0.0
860,0.0,0.0,0.0,0.0,0.0,0.0,0.0
861,0.0,0.0,0.0,0.0,0.0,0.0,0.0
862,0.0,0.0,0.0,0.5871069999999999,0.0,0.0,0.623954
863,0.0,0.0,0.0,0.0,0.0,0.0,0.0
864,0.0,0.0,0.0,0.0,0.0,0.0,0.0
865,0.0,0.0,0.0,0.0,0.0,0.0,0.0
866,0.0,0.0,0.6956439999999999,0.0,0.0,0.0,0.0
867,0.0,0.0,0.551565,0.0,0.0,0.0,0.8730450000000001
868,0.0,0.0,0.0,0.6488689999999999,0.0,0.730158,0.0
869,0.0,0.0,0.0,0.88228,0.0,0.835158,0.0
870,0.7113189999999999,0.0,0.0,0.0,0.0,0.0,0.699757
871,0.0,0.0,0.0,0.0,0.0,0.0,0.0
872,0.0,0.0,0.0,0.0,0.0,0.0,0.0
873,0.0,0.0,0.547938,0.0,0.0,0.0,0.902459
874,0.0,0.0,0.0,0.6552359999999999,0.0,0.0,0.877758
875,0.0,0.0,0.0,0.0,0.0,0.0,0.0
876,0.0,0.0,0.0,0.0,0.0,0.0,0.0
877,0.638165,0.0,0.609977,0.0,0.0,0.0,0.0
878,0.52167,0.0,0.0,0.555312,0.766491,0.0,0.0
879,0.0,0.0,0.0,0.6203649999999999,0.0,0.0,0.0
880,0.0,0.0,0.0,0.0,0.0,0.0,0.0
881,0.0,0.0,0.0,0.8841399999999999,0.0,0.0,0.0
882,0.0,0.0,0.585199,0.621505,0.0,0.0,0.805917
883,0.0,0.650885,0.0,0.0,0.0,0.0,0.0
884,0.0,0.0,0.6208199999999999,0.5643020000000001,0.0,0.0,0.0
885,0.0,0.0,0.0,0.0,0.0,0.0,0.0
886,0.0,0.0,0.0,0.617695,0.0,0.0,0.804546
887,0.550779,0.0,0.0,0.0,0.0,0.0,0.0
888,0.0,0.0,0.8804350000000001,0.0,0.0,0.0,0.0
889,0.0,0.0,0.0,0.635687,0.806538,0.0,0.710804
890,0.0,0.0,0.0,0.0,0.0,0.0,0.0
891,0.0,0.0,0.734971,0.0,0.0,0.0,0.652295
892,0.0,0.0,0.697004,0.0,0.0,0.0,0.0
893,0.0,0.0,0.0,0.736156,0.0,0.0,0.0
894,0.0,0.525284,0.0,0.0,0.0,0.0,0.714108
895,0.0,0.0,0.0,0.0,0.0,0.0,0.905066
896,0.0,0.0,0.0,0.0,0.0,0.0,0.757219
897,0.0,0.0,0.681537,0.0,0.0,0.0,0.7457729999999999
898,0.0,0.0,0.0,0.0,0.0,0.0,0.0
899,0.0,0.0,0.0,0.0,0.0,0.0,0.0
900,0.0,0.0,0.0,0.0,0.0,0.0,0.6818649999999999
901,0.0,0.0,0.0,0.0,0.0,0.0,0.0
902,0.0,0.0,0.0,0.0,0.0,0.0,0.0
903,0.0,0.0,0.0,0.0,0.0,0.0,0.0
904,0.0,0.0,0.0,0.0,0.0,0.0,0.9898100000000001
905,0.0,0.0,0.0,0.0,0.0,0.0,0.0
906,0.0,0.0,0.0,0.0,0.0,0.0,0.0
907,0.0,0.0,0.644096,0.5728489999999999,0.0,0.0,0.0
908,0.0,0.0,0.0,0.0,0.0,0.0,0.0
909,0.0,0.5921,0.0,0.0,0.0,0.0,0.0
910,0.0,0.0,0.0,0.6541520000000001,0.0,0.0,0.546812
911,0.0,0.0,0.672493,0.0,0.0,0.0,0.5172979999999999
912,0.0,0.0,0.0,0.0,0.0,0.0,0.0
913,0.0,0.0,0.0,0.0,0.0,0.0,0.0
914,0.728737,0.0,0.0,0.0,0.0,0.0,0.9470540000000001
915,0.0,0.0,0.0,0.0,0.0,0.0,0.0
916,0.0,0.0,0.0,0.0,0.0,0.7669050000000001,0.0
917,0.0,0.0,0.0,0.0,0.0,0.0,0.0
918,0.0,0.0,0.0,0.0,0.544763,0.0,0.0
919,0.0,0.0,0.0,0.66746,0.0,0.0,0.586281
920,0.0,0.0,0.5961810000000001,0.0,0.0,0.0,0.866247
921,0.0,0.0,0.0,0.0,0.0,0.0,0.581449
922,0.549848,0.0,0.0,0.0,0.706559,0.723799,0.0
923,0.0,0.0,0.0,0.0,0.0,0.0,0.0
924,0.0,0.0,0.0,0.0,0.0,0.0,0.0
925,0.0,0.0,0.0,0.0,0.0,0.0,0.8177369999999999
926,0.644423,0.0,0.0,0.5599890000000001,0.0,0.0,0.8780819999999999
927,0.0,0.0,0.0,0.0,0.0,0.0,0.552813
928,0.0,0.0,0.0,0.745354,0.0,0.0,0.969249
929,0.0,0.0,0.5382859999999999,0.0,0.0,0.0,0.0
930,0.0,0.5444140000000001,0.730979,0.0,0.0,0.0,0.617356
931,0.0,0.0,0.803403,0.0,0.0,0.0,0.909673
932,0.0,0.0,0.6123109999999999,0.0,0.0,0.656694,0.0
933,0.5982350000000001,0.0,0.0,0.607938,0.0,0.6899350000000001,0.0
934,0.0,0.0,0.825933,0.0,0.0,0.0,0.6113810000000001
935,0.728672,0.0,0.0,0.0,0.0,0.0,0.0
936,0.0,0.0,0.0,0.0,0.0,0.0,0.0
937,0.0,0.0,0.600743,0.0,0.0,0.0,0.0
938,0.0,0.0,0.0,0.727106,0.0,0.0,0.8748819999999999
939,0.0,0.0,0.0,0.0,0.0,0.0,0.928048
940,0.0,0.0,0.543609,0.0,0.0,0.0,0.7311489999999999
941,0.0,0.0,0.0,0.0,0.0,0.0,0.0
942,0.0,0.0,0.0,0.0,0.0,0.723799,0.0
943,0.0,0.0,0.0,0.0,0.0,0.0,0.0
944,0.0,0.0,0.6581520000000001,0.0,0.0,0.0,0.0
945,0.0,0.518278,0.0,0.0,0.0,0.0,0.5486
946,0.0,0.0,0.0,0.0,0.0,0.0,0.0
947,0.6053069999999999,0.0,0.0,0.505818,0.0,0.6448050000000001,0.0
948,0.0,0.0,0.0,0.0,0.0,0.0,0.0
949,0.0,0.0,0.0,0.0,0.0,0.0,0.9409629999999999
950,0.0,0.0,0.0,0.701298,0.757478,0.9221969999999999,0.0
951,0.0,0.0,0.0,0.66191,0.0,0.0,0.0
952,0.0,0.0,0.557828,0.0,0.0,0.0,0.551999
953,0.0,0.0,0.0,0.6149279999999999,0.549182,0.0,0.7443390000000001
954,0.548326,0.0,0.0,0.0,0.0,0.533111,0.0
955,0.0,0.0,0.0,0.0,0.0,0.0,0.6655220000000001
956,0.0,0.0,0.620217,0.514199,0.0,0.0,0.0
957,0.0,0.0,0.0,0.582356,0.0,0.0,0.688
958,0.0,0.5078189999999999,0.0,0.0,0.506893,0.0,0.8502790000000001
959,0.0,0.0,0.644874,0.0,0.0,0.0,0.621091
960,0.0,0.0,0.0,0.0,0.0,0.0,0.757219
961,0.584224,0.0,0.5998180000000001,0.55543,0.0,0.0,0.0
962,0.0,0.0,1.0,0.0,0.0,0.0,0.8074399999999999
963,0.0,0.0,0.0,0.0,0.0,0.0,0.763824
964,0.582306,0.0,0.5071979999999999,0.0,0.0,0.0,0.6227189999999999
965,0.0,0.0,0.0,0.7281380000000001,0.0,0.0,0.8355530000000001
966,0.0,0.661259,0.0,0.655122,0.0,0.0,0.0
967,0.0,0.0,0.0,0.0,0.550133,0.0,0.8508950000000001
968,0.0,0.588309,0.0,0.0,0.0,0.67928,0.0
969,0.0,0.0,0.0,0.6488689999999999,0.0,0.730158,0.0
970,0.0,0.0,0.0,0.0,0.0,0.0,0.0
971,0.589056,0.0,0.0,0.685689,0.0,0.0,0.0
972,0.0,0.0,0.0,0.672313,0.0,0.0,0.0
973,0.0,0.0,0.711992,0.0,0.0,0.6106550000000001,0.0
974,0.0,0.0,0.0,0.651401,0.0,0.0,0.0
975,0.0,0.0,0.539914,0.0,0.0,0.617223,0.0
976,0.0,0.5771350000000001,0.0,0.0,0.0,0.0,0.0
977,0.0,0.0,0.0,0.0,0.5375949999999999,0.0,0.516058
978,0.656987,0.0,0.0,0.0,0.0,0.0,0.0
979,0.0,0.0,0.0,0.5569350000000001,0.0,0.0,0.0
980,0.0,0.0,0.0,0.0,0.0,0.0,0.0
981,0.0,0.0,0.6325189999999999,0.631401,0.0,0.0,0.5927279999999999
982,0.0,0.0,0.663044,0.0,0.0,0.0,0.0
983,0.0,0.0,0.0,0.0,0.0,0.0,0.0
984,0.0,0.0,0.614564,0.0,0.0,0.502568,0.0
985,0.0,0.0,0.0,0.0,0.0,0.0,0.0
986,0.0,0.694393,0.0,0.0,0.0,0.0,0.866976
987,0.0,0.0,0.0,0.0,0.0,0.0,0.6838069999999999
988,0.0,0.0,0.681537,0.0,0.0,0.0,0.7457729999999999
989,0.0,0.0,0.0,0.0,0.0,0.704154,0.0
990,0.0,0.0,0.0,0.0,0.0,0.0,0.0
991,0.0,0.0,0.0,0.0,0.0,0.0,0.927948
992,0.0,0.0,0.0,0.692732,0.0,0.0,0.616726
993,0.0,0.0,0.0,0.7773180000000001,0.0,0.0,0.711062
994,0.534036,0.0,0.0,0.502035,0.0,0.0,0.8979299999999999
995,0.0,0.0,0.0,0.0,0.0,0.0,0.0
996,0.0,0.851309,0.0,0.0,0.713075,0.0,0.507648
997,0.0,0.0,0.0,0.703179,0.0,0.8220569999999999,0.0
998,0.0,0.0,0.0,0.789723,0.0,0.0,0.0
999,0.0,0.0,0.578152,0.550686,0.0,0.0,0.8316040000000001
1000,0.0,0.0,0.0,0.0,0.0,0.0,0.0
1001,0.0,0.0,0.6432939999999999,0.0,0.0,0.0,0.0
1002,0.0,0.0,0.0,0.0,0.0,0.0,0.0
1003,0.5367810000000001,0.0,0.0,0.569327,0.0,0.0,0.81755
1004,0.656987,0.0,0.0,0.0,0.0,0.0,0.0
1005,0.0,0.0,0.0,0.0,0.0,0.0,0.0
1006,0.0,0.0,0.0,0.0,0.0,0.0,0.0
1007,0.0,0.0,0.0,0.0,0.0,0.0,0.0
1008,0.0,0.0,0.0,0.0,0.0,0.0,0.0
1009,0.0,0.0,0.0,0.0,0.0,0.0,0.678425
1010,0.0,0.0,0.0,0.591008,0.0,0.0,0.0
1011,0.0,0.0,0.698133,0.0,0.0,0.0,0.768221
1012,0.0,0.0,0.560891,0.0,0.0,0.0,0.828759
1013,0.608548,0.0,0.0,0.0,0.0,0.0,0.0
1014,0.0,0.0,0.0,0.0,0.0,0.0,0.0
1015,0.517591,0.0,0.560549,0.0,0.0,0.5727399999999999,0.0
1016,0.0,0.0,0.698221,0.0,0.0,0.0,0.607243
1017,0.0,0.0,0.664125,0.0,0.0,0.0,0.0
1018,0.0,0.0,0.714056,0.0,0.0,0.0,0.6892699999999999
1019,0.0,0.0,0.529396,0.0,0.0,0.0,0.777904
1020,0.0,0.0,0.0,0.0,0.0,0.0,0.6838069999999999
1021,0.0,0.0,0.0,0.0,0.0,0.0,0.0
1022,0.0,0.0,0.587204,0.0,0.561307,0.0,0.807705
1023,0.0,0.0,0.0,0.0,0.550133,0.0,0.8508950000000001
1024,0.0,0.0,0.0,0.0,0.0,0.0,0.750474
1025,0.0,0.0,0.588657,0.0,0.0,0.0,0.571918
1026,0.0,0.0,0.0,0.0,0.0,0.0,0.0
1027,0.0,0.0,0.805111,0.0,0.53168,0.0,0.0
1028,0.0,0.0,0.606975,0.0,0.0,0.0,0.0
1029,0.0,0.0,0.0,0.0,0.0,0.0,0.931543
1030,0.0,0.0,0.600743,0.0,0.0,0.0,0.0
1031,0.502328,0.0,0.625143,0.556978,0.0,0.0,0.0
1032,0.0,0.0,0.624633,0.0,0.0,0.0,0.567578
1033,0.0,0.0,0.0,0.6541520000000001,0.0,0.0,0.546812
1034,0.0,0.0,0.523367,0.713723,0.0,0.0,0.0
1035,0.0,0.0,0.0,0.0,0.0,0.0,0.0
1036,0.0,0.0,0.0,0.0,0.0,0.0,0.749793
1037,0.0,0.593083,0.0,0.0,0.0,0.0,0.0
1038,0.0,0.636033,0.0,0.534283,0.0,0.0,0.893069
1039,0.0,0.0,0.0,0.7393460000000001,0.0,0.0,0.8104
1040,0.0,0.0,0.0,0.0,0.0,0.0,0.0
1041,0.0,0.0,0.0,0.69696,0.0,0.0,0.869469
1042,0.0,0.0,0.0,0.0,0.0,0.0,0.0
1043,0.0,0.0,0.0,0.0,0.0,0.0,0.0
1044,0.0,0.0,0.0,0.0,0.0,0.0,0.886733
1045,0.0,0.0,0.53976,0.612808,0.0,0.0,0.838559
1046,0.0,0.0,0.0,0.0,0.0,0.723799,0.0
1047,0.0,0.0,0.0,0.515521,0.0,0.6703359999999999,0.0
1048,0.0,0.0,0.0,0.0,0.546557,0.0,0.0
1049,0.0,0.0,0.587966,0.0,0.0,0.0,0.0
1050,0.0,0.0,0.0,0.720313,0.751449,0.0,0.0
1051,0.0,0.0,0.748935,0.0,0.0,0.861326,0.0
1052,0.0,0.0,0.8818469999999999,0.0,0.509179,0.0,0.0
1053,0.0,0.0,0.0,0.0,0.0,0.0,0.0
1054,0.519233,0.0,0.0,0.0,0.0,0.0,0.0
1055,0.0,0.0,0.532485,0.734487,0.0,0.946249,0.0
1056,0.0,0.0,0.0,0.0,0.0,0.0,0.0
1057,0.0,0.0,0.0,0.0,0.0,0.0,0.0
1058,0.0,0.0,0.0,0.0,0.0,0.0,0.0
1059,0.0,0.0,0.0,0.589321,0.0,0.0,0.0
1060,0.0,0.0,0.0,0.0,0.0,0.0,0.0
1061,0.0,0.0,0.0,0.0,0.0,0.0,0.658862
1062,0.0,0.517275,0.0,0.0,0.0,0.0,0.743264
1063,0.0,0.0,0.0,0.0,0.0,0.0,0.628092
1064,0.0,0.0,0.500264,0.0,0.0,0.903862,0.0
1065,0.0,0.0,0.7153609999999999,0.597288,0.0,0.0,0.824434
1066,0.0,0.0,0.0,0.0,0.0,0.0,0.0
1067,0.51044,0.0,0.623294,0.0,0.0,0.0,0.0
1068,0.0,0.0,0.0,0.0,0.0,0.0,0.0
1069,0.0,0.0,0.0,0.0,0.0,0.0,0.0
1070,0.0,0.0,0.0,0.5095569999999999,0.0,0.0,0.0
1071,0.0,0.851309,0.0,0.0,0.713075,0.0,0.507648
1072,0.0,0.0,0.0,0.783203,0.8549200000000001,0.940157,0.0
1073,0.655993,0.0,0.537801,0.0,0.0,0.0,0.501448
1074,0.8828440000000001,0.0,0.0,0.0,0.0,0.0,0.0
1075,0.5266310000000001,0.0,0.0,0.5249739999999999,0.0,0.0,0.550702
1076,0.0,0.0,0.7054229999999999,0.0,0.0,0.0,0.6163270000000001
1077,0.0,0.0,0.0,0.716827,0.0,0.0,0.0
1078,0.0,0.0,0.0,0.0,0.0,0.0,0.7482979999999999
1079,0.0,0.5083449999999999,0.6517,0.0,0.658738,0.0,0.0
1080,0.803823,0.0,0.0,0.0,0.976643,0.0,0.0
1081,0.0,0.0,0.707987,0.0,0.0,0.0,0.6498970000000001
1082,0.0,0.0,0.0,0.0,0.0,0.704154,0.0
1083,0.0,0.0,0.0,0.0,0.0,0.0,0.0
1084,0.0,0.0,0.0,0.0,0.0,0.0,0.814403
1085,0.0,0.0,0.0,0.587481,0.0,0.0,0.0
1086,0.0,0.0,0.0,0.0,0.0,0.0,0.0
1087,0.0,0.0,0.695948,0.0,0.0,0.0,0.743347
1088,0.0,0.0,0.0,0.0,0.0,0.0,0.0
1089,0.766196,0.0,0.0,0.0,0.0,0.0,0.7174470000000001
1090,0.0,0.0,0.0,0.743777,0.594334,0.0,0.0
1091,0.0,0.0,0.697595,0.0,0.0,0.0,0.0
1092,0.0,0.0,0.6503180000000001,0.0,0.0,0.742293,0.0
1093,0.0,0.0,0.0,0.0,0.0,0.0,0.0
1094,0.0,0.0,0.757053,0.0,0.0,0.0,0.661921
1095,0.0,0.0,0.0,0.0,0.0,0.0,0.0
1096,0.0,0.0,0.632713,0.0,0.0,0.0,0.0
1097,0.0,0.0,0.0,0.0,0.0,0.0,0.0
1098,0.0,0.0,0.866714,0.0,0.8210729999999999,0.0,0.582412
1099,0.0,0.0,0.6120479999999999,0.0,0.0,0.8618290000000001,0.0
1100,0.0,0.0,0.0,0.0,0.0,0.737372,0.0
1101,0.0,0.0,0.588028,0.0,0.0,0.0,0.6960729999999999
1102,0.0,0.0,0.0,0.0,0.0,0.0,0.70324
1103,0.0,0.0,0.5165420000000001,0.522602,0.0,0.0,0.68097
1104,0.0,0.0,0.0,0.8552069999999999,0.670694,0.0,0.940212
1105,0.0,0.0,0.540419,0.0,0.0,0.0,0.782436
1106,0.0,0.0,0.0,0.0,0.0,0.74302,0.0
1107,0.0,0.0,0.7054229999999999,0.0,0.0,0.0,0.6163270000000001
1108,0.0,0.0,0.66061,0.0,0.0,0.0,0.0
1109,0.0,0.0,0.0,0.0,0.0,0.0,0.7932680000000001
1110,0.0,0.0,0.0,0.0,0.0,0.0,0.601726
1111,0.0,0.0,0.0,0.5757180000000001,0.0,0.0,0.892552
1112,0.0,0.0,0.547905,0.0,0.0,0.0,0.68097
1113,0.517915,0.0,0.0,0.514931,0.0,0.0,0.9497180000000001
1114,0.0,0.0,0.0,0.0,0.0,0.874184,0.0
1115,0.0,0.0,0.647373,0.0,0.0,0.0,0.0
1116,0.0,0.0,0.0,0.0,0.0,0.0,0.0
1117,0.0,0.0,0.648817,0.0,0.0,0.0,0.798137
1118,0.0,0.0,0.7801680000000001,0.0,0.748582,0.0,0.0
1119,0.0,0.0,0.714056,0.0,0.0,0.0,0.6892699999999999
1120,0.0,0.0,0.0,0.0,0.0,0.0,0.0
1121,0.0,0.0,0.7996850000000001,0.0,0.0,0.0,0.0
1122,0.549905,0.0,0.0,0.0,0.0,0.0,0.0
1123,0.0,0.0,0.0,0.0,0.0,0.0,0.0
1124,0.811786,0.0,0.0,0.0,0.0,0.0,0.0
1125,0.756996,0.0,0.0,0.0,0.0,0.0,0.0
1126,0.0,0.0,0.5942390000000001,0.0,0.0,0.0,0.0
1127,0.0,0.0,0.0,0.0,0.0,0.0,0.0
1128,0.0,0.0,0.0,0.691444,0.0,0.50178,0.0
1129,0.0,0.0,0.0,0.0,0.9468409999999999,0.0,0.0
1130,0.0,0.0,0.6503180000000001,0.0,0.0,0.742293,0.0
1131,0.0,0.0,0.0,0.579321,0.0,0.7043699999999999,0.0
1132,0.0,0.0,0.0,0.0,0.0,0.0,0.0
1133,0.0,0.0,0.0,0.0,0.0,0.0,0.8866430000000001
1134,0.0,0.0,0.767429,0.0,0.0,0.0,0.961277
1135,0.0,0.0,0.805111,0.0,0.53168,0.0,0.0
1136,0.0,0.0,0.0,0.0,0.0,0.0,0.519405
1137,0.0,0.0,0.579762,0.0,0.0,0.0,0.782722
1138,0.680221,0.0,0.6237149999999999,0.519926,0.0,0.0,0.756883
1139,0.0,0.0,0.0,0.55482,0.0,0.0,0.0
1140,0.0,0.0,0.508285,0.0,0.0,0.671389,0.0
1141,0.0,0.0,0.0,0.0,0.0,0.0,0.940205
1142,0.574125,0.0,0.0,0.625223,0.0,0.0,0.0
1143,0.0,0.0,0.0,0.0,0.0,0.0,0.0
1144,0.51044,0.0,0.623294,0.0,0.0,0.0,0.0
1145,0.0,0.0,0.0,0.0,0.0,0.0,0.785758
1146,0.0,0.560832,0.0,0.628171,0.0,0.0,0.0
1147,0.0,0.0,0.0,0.0,0.0,0.0,0.528395
1148,0.0,0.0,0.0,0.0,0.0,0.0,0.887381
1149,0.0,0.0,0.711316,0.0,0.0,0.0,0.781817
1150,0.0,0.0,0.0,0.0,0.0,0.0,0.5324300000000001
1151,0.0,0.0,0.0,0.0,0.0,0.0,0.0
1152,0.0,0.0,0.0,0.0,0.0,0.0,0.0
1153,0.0,0.0,0.0,0.553809,0.0,0.9412020000000001,0.0
1154,0.0,0.0,0.0,0.0,0.0,0.0,0.0
1155,0.0,0.0,0.0,0.0,0.0,0.930901,0.0
1156,0.0,0.0,0.0,0.0,0.0,0.0,0.0
1157,0.0,0.0,0.0,0.0,0.0,0.0,0.880666
1158,0.531983,0.0,0.0,0.0,0.0,0.0,0.521521
1159,0.691806,0.69225,0.0,0.715438,0.0,0.0,0.0
1160,0.0,0.0,0.0,0.0,0.0,0.0,0.787337
1161,0.563701,0.0,0.0,0.0,0.0,0.0,0.0
1162,0.0,0.0,0.697595,0.0,0.0,0.0,0.0
1163,0.0,0.0,0.0,0.0,0.0,0.0,0.0
1164,0.510318,0.0,0.609671,0.601874,0.0,0.0,0.7590640000000001
1165,0.0,0.0,0.0,0.714252,0.0,0.842017,0.0
1166,0.0,0.0,0.0,0.51399,0.0,0.0,0.775112
1167,0.0,0.0,0.500502,0.0,0.0,0.0,0.0
1168,0.0,0.0,0.0,0.649928,0.0,0.0,0.829781
1169,0.0,0.0,0.0,0.0,0.0,0.0,0.0
1170,0.0,0.0,0.0,0.0,0.0,0.0,0.0
1171,0.0,0.0,0.594679,0.0,0.0,0.0,0.897516
1172,0.538196,0.0,0.0,0.0,0.0,0.0,0.501817
1173,0.0,0.0,0.675259,0.0,0.0,0.0,0.84639
1174,0.819883,0.0,0.0,0.0,0.0,0.0,0.730544
1175,0.0,0.0,0.0,0.0,0.0,0.0,0.0
1176,0.0,0.0,0.633085,0.726228,0.0,0.0,0.646159
1177,0.0,0.0,0.0,0.0,0.0,0.0,0.538818
1178,0.0,0.0,0.665431,0.0,0.0,0.0,0.870533
1179,0.519418,0.0,0.0,0.5029060000000001,0.0,0.575395,0.0
1180,0.527682,0.0,0.0,0.0,0.0,0.0,0.72715
1181,0.0,0.0,0.0,0.0,0.0,0.0,0.523435
1182,0.0,0.0,0.0,0.0,0.0,0.0,0.0
1183,0.557478,0.0,0.0,0.0,0.0,0.0,0.0
1184,0.0,0.0,0.0,0.0,0.0,0.0,0.7661319999999999
1185,0.0,0.0,0.0,0.0,0.0,0.0,0.0
1186,0.0,0.0,0.0,0.0,0.0,0.0,0.0
1187,0.502975,0.0,0.0,0.5628770000000001,0.0,0.0,0.5936130000000001
1188,0.0,0.0,0.888178,0.0,0.821981,0.0,0.0
1189,0.0,0.0,0.517099,0.0,0.0,0.0,0.0
1190,0.0,0.0,0.7047260000000001,0.0,0.0,0.0,0.873225
1191,0.0,0.0,0.0,0.0,0.0,0.0,0.0
1192,0.0,0.511135,0.6385069999999999,0.56634,0.0,0.0,0.0
1193,0.0,0.0,0.6901,0.0,0.0,0.0,0.0
1194,0.0,0.0,0.0,0.685768,0.733057,0.0,0.86774
1195,0.0,0.0,0.6158560000000001,0.0,0.0,0.0,0.72955
1196,0.0,0.0,0.0,0.0,0.0,0.0,0.0
1197,0.0,0.0,0.543982,0.0,0.0,0.0,0.0
1198,0.0,0.0,0.0,0.0,0.0,0.0,0.0
1199,0.0,0.0,0.523367,0.713723,0.0,0.0,0.0
1200,0.0,0.0,0.0,0.742668,0.0,0.0,0.945341
1201,0.0,0.0,0.0,0.684772,0.0,0.0,0.8454280000000001
1202,0.0,0.0,0.0,0.0,0.0,0.0,0.812978
1203,0.0,0.0,0.0,0.737409,0.0,0.0,0.0
1204,0.653994,0.0,0.0,0.0,0.0,0.0,0.0
1205,0.0,0.0,0.0,0.0,0.0,0.0,0.0
1206,0.0,0.0,0.513691,0.0,0.0,0.0,0.621374
1207,0.0,0.0,0.5355449999999999,0.0,0.53047,0.0,0.770435
1208,0.0,0.0,0.0,0.0,0.0,0.0,0.0
1209,0.0,0.0,0.7801680000000001,0.0,0.748582,0.0,0.0
1210,0.0,0.5312720000000001,0.575911,0.593454,0.0,0.0,0.837124
1211,0.0,0.0,0.62265,0.0,0.0,0.0,0.0
1212,0.0,0.0,0.0,0.0,0.0,0.0,0.734013
1213,0.0,0.0,0.0,0.0,0.9468409999999999,0.0,0.0
1214,0.0,0.0,0.0,0.0,0.0,0.0,0.0
1215,0.0,0.0,0.0,0.709785,0.0,0.0,0.832067
1216,0.0,0.0,0.0,0.55482,0.0,0.0,0.0
1217,0.0,0.0,0.0,0.0,0.0,0.0,0.0
1218,0.0,0.0,0.0,0.0,0.0,0.0,0.880666
1219,0.0,0.0,0.69476,0.0,0.0,0.0,0.0
1220,0.0,0.0,0.0,0.0,0.0,0.813615,0.0
1221,0.0,0.0,0.73832,0.0,0.0,0.9101299999999999,0.0
1222,0.0,0.0,0.0,0.723321,0.0,0.0,0.0
1223,0.0,0.0,0.0,0.0,0.0,0.0,0.9807170000000001
1224,0.0,0.0,0.0,0.6399279999999999,0.0,0.0,0.513115
1225,0.0,0.519575,0.0,0.754714,0.503166,0.0,0.0
1226,0.0,0.0,0.616196,0.0,0.0,0.945376,0.0
1227,0.0,0.0,0.540419,0.0,0.0,0.0,0.782436
1228,0.0,0.0,0.0,0.0,0.0,0.7629779999999999,0.0
1229,0.0,0.0,0.0,0.0,0.0,0.0,0.90336
1230,0.0,0.0,0.588028,0.0,0.0,0.0,0.6960729999999999
1231,0.0,0.0,0.681339,0.0,0.0,0.0,0.0
1232,0.6865180000000001,0.0,0.0,0.0,0.0,0.0,0.0
1233,0.581276,0.0,0.0,0.0,0.0,0.0,0.0
1234,0.0,0.0,0.0,0.8552069999999999,0.670694,0.0,0.940212
1235,0.0,0.0,0.773928,0.0,0.9326629999999999,0.0,0.693611
1236,0.0,0.0,0.0,0.0,0.0,0.0,0.0
1237,0.0,0.0,0.0,0.0,0.0,0.0,0.0
1238,0.0,0.0,0.0,0.0,0.0,0.503762,0.0
1239,0.0,0.0,0.0,0.0,0.0,0.0,0.548075
1240,0.0,0.0,0.766943,0.0,0.0,0.0,0.0
1241,0.0,0.0,0.581378,0.0,0.0,0.0,0.71572
1242,0.0,0.0,0.675259,0.0,0.0,0.0,0.84639
1243,0.0,0.0,0.520899,0.0,0.0,0.0,0.569064
1244,0.0,0.0,0.0,0.0,0.0,0.0,0.0
1245,0.0,0.0,0.0,0.0,0.0,0.0,0.0
1246,0.0,0.0,0.0,0.0,0.0,0.0,0.0
1247,0.0,0.0,0.62166,0.0,0.0,0.0,0.8251649999999999
1248,0.0,0.0,0.503779,0.0,0.0,0.0,0.0
1249,0.0,0.0,0.8754870000000001,0.0,0.0,0.6368229999999999,0.0
1250,0.0,0.0,0.0,0.0,0.0,0.0,0.799147
1251,0.0,0.0,0.0,0.7304,0.0,0.0,0.7270840000000001
1252,0.0,0.0,0.0,0.0,0.0,0.0,0.0
1253,0.0,0.0,0.0,0.0,0.0,0.0,0.969357
1254,0.0,0.0,0.0,0.0,0.0,0.737372,0.0
1255,0.536474,0.69388,0.537795,0.0,0.0,0.0,0.0
1256,0.0,0.0,0.6759109999999999,0.0,0.0,0.799234,0.0
1257,0.0,0.0,0.0,0.0,0.0,0.0,0.0
1258,0.0,0.0,0.508253,0.0,0.0,0.0,0.0
1259,0.0,0.0,0.0,0.610099,0.0,0.7198859999999999,0.0
1260,0.0,0.0,0.0,0.685768,0.733057,0.0,0.86774
1261,0.0,0.0,0.0,0.0,0.0,0.0,0.516243
1262,0.0,0.0,0.0,0.0,0.0,0.0,0.0
1263,0.0,0.0,0.6457970000000001,0.0,0.0,0.9795379999999999,0.0
1264,0.0,0.0,0.0,0.691444,0.0,0.50178,0.0
1265,0.608275,0.0,0.0,0.0,0.0,0.0,0.818045
1266,0.0,0.0,0.0,0.561282,0.789151,0.0,0.834767
1267,0.0,0.0,0.0,0.0,0.0,0.0,0.0
1268,0.0,0.0,0.0,0.0,0.0,0.0,0.5596220000000001
1269,0.0,0.0,0.0,0.0,0.0,0.0,0.0
1270,0.0,0.0,0.0,0.0,0.0,0.0,0.825311
1271,0.560301,0.0,0.0,0.0,0.0,0.0,0.0
1272,0.0,0.6171220000000001,0.0,0.0,0.0,0.0,0.0
1273,0.0,0.0,0.0,0.0,0.0,0.0,0.0
1274,0.0,0.0,0.0,0.0,0.0,0.0,0.0
1275,0.0,0.0,0.0,0.593847,0.0,0.0,0.0
1276,0.519825,0.0,0.0,0.0,0.0,0.0,0.0
1277,0.0,0.0,0.0,0.0,0.0,0.0,0.0
1278,0.0,0.0,0.0,0.0,0.0,0.0,0.0
1279,0.0,0.0,0.801618,0.0,0.0,0.0,0.0
1280,0.0,0.0,0.0,0.0,0.0,0.0,0.0
1281,0.0,0.0,0.60574,0.698371,0.0,0.0,0.0
1282,0.646987,0.0,0.0,0.0,0.0,0.0,0.7132729999999999
1283,0.0,0.0,0.626202,0.0,0.580761,0.0,0.8024939999999999
1284,0.0,0.0,0.650258,0.0,0.0,0.737809,0.0
1285,0.0,0.0,0.0,0.0,0.0,0.0,0.0
1286,0.0,0.0,0.0,0.0,0.0,0.0,0.0
1287,0.0,0.0,0.0,0.0,0.0,0.0,0.0
1288,0.0,0.0,0.0,0.7676350000000001,0.0,0.0,0.0
1289,0.623066,0.0,0.0,0.0,0.0,0.0,0.635632
1290,0.0,0.0,0.0,0.0,0.0,0.0,0.0
1291,0.0,0.0,0.0,0.624592,0.584164,0.0,0.0
1292,0.0,0.0,0.0,0.6223489999999999,0.0,0.959708,0.0
1293,0.719057,0.0,0.0,0.0,0.0,0.0,0.0
1294,0.0,0.0,0.0,0.509652,0.0,0.0,0.0
1295,0.0,0.0,0.0,0.511215,0.0,0.0,0.0
1296,0.0,0.0,0.0,0.0,0.0,0.874184,0.0
1297,0.0,0.0,0.0,0.543093,0.0,0.654133,0.0
1298,0.0,0.0,0.515576,0.0,0.0,0.0,0.583859
1299,0.0,0.0,0.0,0.0,0.0,0.0,0.0
1300,0.531203,0.0,0.0,0.0,0.0,0.0,0.5825359999999999
1301,0.0,0.0,0.0,0.0,0.0,0.0,0.751919
1302,0.0,0.0,0.0,0.0,0.0,0.0,0.0
1303,0.0,0.0,0.624219,0.0,0.0,0.0,0.0
1304,0.0,0.0,0.789779,0.0,0.0,0.894532,0.0
1305,0.0,0.0,0.64813,0.0,0.0,0.0,0.895258
1306,0.0,0.0,0.539185,0.0,0.0,0.0,0.520999
1307,0.0,0.0,0.0,0.704711,0.7191609999999999,0.757634,0.0
1308,0.0,0.0,0.0,0.0,0.0,0.0,0.883559
1309,0.0,0.0,0.0,0.0,0.0,0.0,0.0
1310,0.0,0.0,0.0,0.0,0.0,0.894783,0.0
1311,0.0,0.0,0.0,0.661105,0.0,0.0,0.0
1312,0.0,0.0,0.508253,0.0,0.0,0.0,0.0
1313,0.0,0.5969869999999999,0.0,0.0,0.0,0.0,0.0
1314,0.0,0.0,0.0,0.595406,0.550679,0.0,0.0
1315,0.0,0.0,0.0,0.62132,0.0,0.0,0.0
1316,0.0,0.0,0.0,0.0,0.0,0.0,0.0
1317,0.0,0.0,0.8366979999999999,0.0,0.0,0.0,0.514529
1318,0.0,0.0,0.6011989999999999,0.0,0.0,0.0,0.0
1319,0.0,0.0,0.0,0.0,0.0,0.0,0.9418280000000001
1320,0.0,0.0,0.0,0.0,0.0,0.0,0.840519
1321,0.0,0.0,0.0,0.0,0.0,0.0,0.90336
1322,0.0,0.0,0.0,0.0,0.0,0.0,0.551021
1323,0.0,0.0,0.0,0.62432,0.0,0.705617,0.0
1324,0.0,0.0,0.0,0.693185,0.0,0.0,0.779803
1325,0.0,0.0,0.770506,0.0,0.0,0.0,0.0
1326,0.623239,0.0,0.5380739999999999,0.574152,0.0,0.0,0.0
1327,0.0,0.0,0.69476,0.0,0.0,0.0,0.0
1328,0.0,0.0,0.594171,0.0,0.0,0.0,0.0
1329,0.0,0.0,0.503325,0.0,0.0,0.0,0.657295
1330,0.0,0.0,0.0,0.0,0.0,0.0,0.874283
1331,0.0,0.600532,0.0,0.0,0.0,0.5751430000000001,0.0
1332,0.0,0.0,0.0,0.0,0.0,0.0,0.0
1333,0.0,0.0,0.674769,0.0,0.0,0.0,0.0
1334,0.0,0.0,0.0,0.680566,0.0,0.0,0.61441
1335,0.0,0.0,0.672402,0.519908,0.8530469999999999,0.0,0.0
1336,0.0,0.0,0.0,0.0,0.0,0.0,0.9848950000000001
1337,0.0,0.0,0.0,0.0,0.0,0.0,0.0
1338,0.0,0.0,0.0,0.0,0.0,0.0,0.0
1339,0.0,0.0,0.0,0.0,0.0,0.0,0.0
1340,0.0,0.0,0.0,0.0,0.0,0.0,0.9120229999999999
1341,0.0,0.0,0.0,0.6111840000000001,0.0,0.0,0.80725
1342,0.688537,0.0,0.0,0.0,0.0,0.0,0.0
1343,0.0,0.0,0.0,0.0,0.0,0.0,0.0
1344,0.0,0.0,0.0,0.0,0.0,0.0,0.0
1345,0.0,0.0,0.0,0.0,0.0,0.0,0.0
1346,0.0,0.0,0.0,0.632452,0.0,0.7116239999999999,0.0
1347,0.0,0.0,0.0,0.0,0.0,0.0,0.628842
1348,0.0,0.0,0.0,0.0,0.0,0.0,0.0
1349,0.0,0.0,0.7148770000000001,0.0,0.0,0.0,0.0
1350,0.0,0.57948,0.0,0.0,0.0,0.8673790000000001,0.0
1351,0.0,0.0,0.542568,0.0,0.0,0.0,0.0
1352,0.0,0.558509,0.0,0.0,0.0,0.0,0.0
1353,0.0,0.0,0.0,0.0,0.0,0.0,0.0
1354,0.0,0.0,0.0,0.0,0.0,0.0,0.0
1355,0.583516,0.0,0.0,0.604525,0.0,0.0,0.766099
1356,0.614242,0.0,0.0,0.0,0.0,0.0,0.0
1357,0.0,0.0,0.0,0.0,0.0,0.8896440000000001,0.0
1358,0.0,0.0,0.0,0.591727,0.793552,0.0,0.0
1359,0.0,0.0,0.0,0.696298,0.870892,0.94306,0.0
1360,0.0,0.0,0.0,0.624592,0.584164,0.0,0.0
1361,0.0,0.0,0.0,0.0,0.0,0.0,0.0
1362,0.0,0.0,0.0,0.0,0.0,0.0,0.0
1363,0.0,0.0,0.0,0.0,0.0,0.0,0.600511
1364,0.0,0.0,0.0,0.0,0.0,0.0,0.0
1365,0.0,0.0,0.0,0.65965,0.0,0.8952120000000001,0.0
1366,0.0,0.0,0.0,0.0,0.0,0.0,0.0
1367,0.0,0.0,0.671315,0.611312,0.6533399999999999,0.0,0.0
1368,0.735676,0.0,0.0,0.0,0.0,0.0,0.0
1369,0.0,0.0,0.0,0.0,0.0,0.0,0.799147
1370,0.0,0.0,0.0,0.0,0.0,0.0,0.9464520000000001
1371,0.0,0.0,0.0,0.0,0.0,0.0,0.0
1372,0.0,0.0,0.0,0.0,0.0,0.0,0.0
1373,0.0,0.0,0.6759109999999999,0.0,0.0,0.799234,0.0
1374,0.647245,0.0,0.0,0.54052,0.0,0.0,0.6136050000000001
1375,0.0,0.0,0.0,0.617267,0.0,0.0,0.0
1376,0.0,0.0,0.778295,0.0,0.505965,0.0,0.845627
1377,0.0,0.0,0.0,0.0,0.0,0.0,0.0
1378,0.0,0.0,0.776148,0.0,0.0,0.0,0.0
1379,0.0,0.0,0.0,0.0,0.0,0.0,0.0
1380,0.0,0.0,0.0,0.512663,0.0,0.0,0.546229
1381,0.0,0.0,0.0,0.0,0.0,0.0,0.0
1382,0.554765,0.0,0.5854779999999999,0.0,0.0,0.0,0.0
1383,0.0,0.0,0.0,0.0,0.0,0.0,0.0
1384,0.0,0.0,0.0,0.0,0.0,0.0,0.0
1385,0.0,0.0,0.0,0.0,0.790305,0.0,0.0
1386,0.0,0.0,0.0,0.0,0.0,0.0,0.933633
1387,0.0,0.0,0.0,0.0,0.631621,0.0,0.76605
1388,0.5051859999999999,0.0,0.0,0.0,0.0,0.799546,0.0
1389,0.0,0.0,0.0,0.0,0.8376040000000001,0.0,0.0
1390,0.0,0.0,0.671032,0.0,0.0,0.0,0.8625219999999999
1391,0.0,0.0,0.0,0.5152439999999999,0.0,0.0,0.763914
1392,0.0,0.0,0.0,0.0,0.0,0.0,0.825311
1393,0.0,0.0,0.0,0.0,0.0,0.0,0.0
1394,0.0,0.5312720000000001,0.575911,0.593454,0.0,0.0,0.837124
1395,0.0,0.0,0.546525,0.0,0.0,0.0,0.0
1396,0.0,0.0,0.0,0.0,0.0,0.0,0.70906
1397,0.0,0.0,0.0,0.528533,0.0,0.0,0.0
1398,0.0,0.0,0.0,0.582762,0.0,0.0,0.581449
1399,0.0,0.0,0.749151,0.0,0.0,0.0,0.0
1400,0.0,0.0,0.0,0.0,0.8909229999999999,0.0,0.0
1401,0.0,0.0,0.0,0.0,0.0,0.9672299999999999,0.0
1402,0.0,0.0,0.0,0.0,0.0,0.0,0.0
1403,0.0,0.0,0.0,0.0,0.0,0.0,0.840519
1404,0.0,0.0,0.0,0.0,0.0,0.0,0.9807170000000001
1405,0.0,0.0,0.573425,0.0,0.0,0.0,0.587673
1406,0.66602,0.0,0.0,0.5604979999999999,0.0,0.0,0.0
1407,0.0,0.0,0.0,0.0,0.0,0.0,0.0
1408,0.0,0.0,0.593374,0.0,0.0,0.84755,0.0
1409,0.0,0.0,0.6491319999999999,0.0,0.0,0.0,0.0
1410,0.0,0.0,0.0,0.740634,0.0,0.0,0.959468
1411,0.0,0.0,0.0,0.527004,0.0,0.0,0.861726
1412,0.0,0.0,0.75902,0.0,0.0,0.0,0.623954
1413,0.0,0.0,0.64973,0.565855,0.0,0.0,0.0
1414,0.0,0.0,0.0,0.6111840000000001,0.0,0.0,0.80725
1415,0.0,0.0,0.0,0.0,0.0,0.0,0.0
1416,0.0,0.0,0.0,0.0,0.0,0.0,0.0
1417,0.0,0.0,0.0,0.0,0.0,0.0,0.0
1418,0.0,0.0,0.0,0.0,0.0,0.0,0.0
1419,0.0,0.0,0.0,0.7012079999999999,0.0,0.0,0.854009
1420,0.0,0.0,0.0,0.704711,0.7191609999999999,0.757634,0.0
1421,0.0,0.0,0.0,0.632452,0.0,0.7116239999999999,0.0
1422,0.0,0.0,0.0,0.530821,0.0,0.0,0.0
1423,0.0,0.0,0.0,0.0,0.0,0.0,0.0
1424,0.0,0.0,0.0,0.595406,0.550679,0.0,0.0
1425,0.0,0.0,0.0,0.0,0.0,0.0,0.0
1426,0.0,0.0,0.549902,0.0,0.0,0.0,0.0
1427,0.0,0.0,0.0,0.0,0.0,0.0,0.0
1428,0.0,0.0,0.0,0.0,0.0,0.0,0.0
1429,0.0,0.0,0.0,0.578968,0.0,0.0,0.971406
1430,0.567948,0.0,0.0,0.0,0.0,0.0,0.627302
1431,0.0,0.546247,0.0,0.0,0.0,0.0,0.0
1432,0.614242,0.0,0.0,0.0,0.0,0.0,0.0
1433,0.0,0.0,0.624254,0.0,0.0,0.0,0.854722
1434,0.0,0.0,0.0,0.6658069999999999,0.0,0.714073,0.0
1435,0.0,0.0,0.8121649999999999,0.0,0.0,0.0,0.0
1436,0.0,0.0,0.0,0.0,0.0,0.0,0.0
1437,0.0,0.0,0.0,0.0,0.0,0.0,0.0
1438,0.0,0.0,0.933897,0.0,0.0,0.0,0.617242
1439,0.0,0.0,0.0,0.0,0.0,0.0,0.601046
1440,0.0,0.0,0.0,0.764304,0.0,0.0,0.0
1441,0.0,0.0,0.0,0.569463,0.0,0.0,0.0
1442,0.0,0.0,0.0,0.0,0.0,0.0,0.0
1443,0.0,0.0,0.0,0.665661,0.0,0.0,0.0
1444,0.0,0.0,0.8366979999999999,0.0,0.0,0.0,0.514529
1445,0.0,0.0,0.0,0.0,0.0,0.0,0.0
1446,0.0,0.643249,0.0,0.0,0.0,0.0,0.0
1447,0.6020439999999999,0.0,0.0,0.0,0.0,0.0,0.0
1448,0.0,0.0,0.854942,0.0,0.0,0.0,0.0
1449,0.0,0.0,0.542568,0.0,0.0,0.0,0.0
1450,0.0,0.0,0.72354,0.0,0.0,0.0,0.549867
1451,0.0,0.0,0.0,0.0,0.0,0.0,0.8758040000000001
1452,0.0,0.0,0.0,0.8419399999999999,0.0,0.0,0.0
1453,0.653181,0.0,0.0,0.0,0.0,0.0,0.0
1454,0.566232,0.0,0.0,0.0,0.0,0.0,0.0
1455,0.0,0.5969869999999999,0.0,0.0,0.0,0.0,0.0
1456,0.0,0.0,0.0,0.0,0.0,0.0,0.0
1457,0.735676,0.0,0.0,0.0,0.0,0.0,0.0
1458,0.0,0.0,0.0,0.0,0.0,0.0,0.967922
1459,0.0,0.0,0.0,0.0,0.0,0.0,0.0
1460,0.779027,0.0,0.0,0.0,0.0,0.0,0.8276950000000001
1461,0.0,0.0,0.501155,0.0,0.0,0.0,0.87067
1462,0.0,0.0,0.74258,0.0,0.0,0.0,0.0
1463,0.0,0.0,0.0,0.716407,0.920012,0.0,0.6559119999999999
1464,0.0,0.0,0.0,0.630499,0.8546799999999999,0.0,0.684163
1465,0.0,0.0,0.696289,0.0,0.0,0.0,0.907691
1466,0.0,0.0,0.706225,0.0,0.0,0.0,0.578497
1467,0.0,0.0,0.0,0.595813,0.0,0.0,0.0
1468,0.0,0.0,0.0,0.0,0.0,0.0,0.0
1469,0.0,0.0,0.0,0.6315810000000001,0.0,0.671326,0.0
1470,0.0,0.0,0.0,0.0,0.0,0.0,0.0
1471,0.0,0.0,0.0,0.0,0.0,0.0,0.0
1472,0.0,0.0,0.0,0.599116,0.0,0.0,0.952426
1473,0.0,0.0,0.0,0.62432,0.0,0.705617,0.0
1474,0.0,0.0,0.728854,0.0,0.0,0.0,0.758042
1475,0.0,0.0,0.5930449999999999,0.0,0.0,0.9318049999999999,0.0
1476,0.531203,0.0,0.0,0.0,0.0,0.0,0.5825359999999999
1477,0.0,0.0,0.0,0.0,0.0,0.0,0.0
1478,0.0,0.0,0.914233,0.0,0.0,0.0,0.0
1479,0.0,0.0,0.0,0.0,0.0,0.0,0.630867
1480,0.0,0.0,0.7371479999999999,0.0,0.6476270000000001,0.0,0.778949
1481,0.0,0.0,0.671315,0.611312,0.6533399999999999,0.0,0.0
1482,0.0,0.570092,0.0,0.0,0.0,0.0,0.0
1483,0.0,0.0,0.0,0.6957479999999999,0.506883,0.0,0.561735
1484,0.0,0.0,0.679286,0.0,0.0,0.0,0.772256
1485,0.0,0.0,0.580693,0.0,0.0,0.0,0.0
1486,0.631744,0.0,0.0,0.0,0.0,0.0,0.0
1487,0.0,0.0,0.5717909999999999,0.0,0.0,0.0,0.9209360000000001
1488,0.0,0.0,0.747366,0.0,0.0,0.0,0.0
1489,0.8577170000000001,0.0,0.0,0.0,0.0,0.0,0.7147060000000001
1490,0.0,0.0,0.0,0.0,0.0,0.0,0.0
1491,0.0,0.0,0.0,0.0,0.0,0.0,0.0
1492,0.0,0.0,0.0,0.717212,0.0,0.0,0.0
1493,0.0,0.0,0.796086,0.0,0.0,0.0,0.723742
1494,0.0,0.0,0.0,0.591727,0.793552,0.0,0.0
1495,0.0,0.0,0.0,0.0,0.0,0.0,0.0
1496,0.0,0.0,0.0,0.0,0.0,0.0,0.0
1497,0.0,0.535029,0.0,0.595437,0.0,0.0,0.548855
1498,0.0,0.0,0.0,0.0,0.0,0.0,0.9120229999999999
1499,0.0,0.5432859999999999,0.0,0.541732,0.0,0.0,0.743264
1500,0.0,0.0,0.0,0.0,0.0,0.0,0.9272600000000001
1501,0.0,0.0,0.728854,0.0,0.0,0.0,0.758042
1502,0.0,0.0,0.0,0.6526390000000001,0.0,0.5637909999999999,0.0
1503,0.0,0.0,0.793257,0.0,0.0,0.809189,0.0
1504,0.0,0.0,0.0,0.0,0.0,0.0,0.5906680000000001
1505,0.0,0.0,0.644389,0.565232,0.0,0.0,0.0
1506,0.643854,0.0,0.0,0.0,0.0,0.0,0.792311
1507,0.0,0.0,0.61515,0.0,0.0,0.0,0.9424969999999999
1508,0.0,0.0,0.0,0.0,0.0,0.0,0.0
1509,0.0,0.0,0.0,0.0,0.0,0.0,0.0
1510,0.0,0.0,0.556499,0.0,0.0,0.586745,0.0
1511,0.0,0.568855,0.0,0.0,0.0,0.0,0.89769
1512,0.0,0.0,0.0,0.0,0.0,0.0,0.0
1513,0.754834,0.0,0.0,0.0,0.0,0.0,0.0
1514,0.0,0.0,0.0,0.0,0.0,0.0,0.0
1515,0.0,0.0,0.0,0.0,0.0,0.0,0.0
1516,0.0,0.0,0.0,0.0,0.0,0.0,0.0
1517,0.0,0.0,0.0,0.0,0.0,0.0,0.0
1518,0.0,0.0,0.0,0.0,0.0,0.0,0.0
1519,0.0,0.0,0.0,0.0,0.0,0.674339,0.0
1520,0.0,0.0,0.0,0.0,0.0,0.0,0.7508090000000001
1521,0.0,0.0,0.0,0.0,0.0,0.0,0.0
1522,0.0,0.0,0.0,0.0,0.0,0.0,0.550144
1523,0.0,0.0,0.0,0.0,0.0,0.0,0.0
1524,0.558892,0.596146,0.0,0.6713899999999999,0.7491329999999999,0.0,0.0
1525,0.0,0.0,0.0,0.0,0.0,0.0,0.0
1526,0.0,0.0,0.0,0.569526,0.0,0.0,0.806582
1527,0.0,0.0,0.0,0.0,0.0,0.0,0.765602
1528,0.0,0.0,0.0,0.0,0.0,0.0,0.0
1529,0.0,0.0,0.0,0.0,0.6934600000000001,0.0,0.0
1530,0.0,0.0,0.0,0.0,0.0,0.602464,0.0
1531,0.0,0.0,0.0,0.716407,0.920012,0.0,0.6559119999999999
1532,0.0,0.0,0.0,0.0,0.0,0.0,0.564474
1533,0.0,0.0,0.593374,0.0,0.0,0.84755,0.0
1534,0.0,0.0,0.71003,0.0,0.0,0.0,0.8633620000000001
1535,0.0,0.621034,0.0,0.0,0.0,0.0,0.502201
1536,0.0,0.0,0.0,0.0,0.0,0.0,0.0
1537,0.6117560000000001,0.0,0.0,0.0,0.0,0.0,0.655496
1538,0.0,0.0,0.0,0.0,0.0,0.0,0.0
1539,0.0,0.0,0.0,0.0,0.0,0.0,0.920166
1540,0.0,0.0,0.0,0.0,0.0,0.0,0.834875
1541,0.0,0.0,0.5680310000000001,0.0,0.0,0.775961,0.0
1542,0.0,0.0,0.0,0.0,0.0,0.0,0.9807170000000001
1543,0.0,0.0,0.0,0.757877,0.0,0.0,0.7542770000000001
1544,0.726558,0.0,0.0,0.0,0.0,0.0,0.0
1545,0.0,0.0,0.0,0.0,0.617378,0.0,0.0
1546,0.0,0.0,0.0,0.527004,0.0,0.0,0.861726
1547,0.0,0.0,0.530798,0.0,0.0,0.0,0.0
1548,0.0,0.0,0.0,0.0,0.0,0.0,0.0
1549,0.0,0.0,0.761947,0.0,0.0,0.0,0.779562
1550,0.0,0.0,0.805024,0.0,0.0,0.8718520000000001,0.0
1551,0.0,0.0,0.0,0.554953,0.0,0.0,0.762652
1552,0.0,0.0,0.62948,0.0,0.0,0.0,0.766705
1553,0.0,0.0,0.5930449999999999,0.0,0.0,0.9318049999999999,0.0
1554,0.0,0.0,0.0,0.619003,0.0,0.0,0.0
1555,0.0,0.0,0.566163,0.0,0.0,0.0,0.0
1556,0.605657,0.0,0.0,0.708152,0.0,0.0,0.811516
1557,0.753869,0.0,0.0,0.0,0.0,0.0,0.758405
1558,0.0,0.0,0.0,0.679946,0.0,0.0,0.0
1559,0.642912,0.0,0.0,0.0,0.0,0.0,0.0
1560,0.0,0.0,0.729654,0.0,0.0,0.0,0.777914
1561,0.648185,0.0,0.0,0.0,0.0,0.0,0.597317
1562,0.0,0.0,0.6162979999999999,0.0,0.0,0.0,0.9128629999999999
1563,0.0,0.0,0.843892,0.0,0.0,0.0,0.809092
1564,0.0,0.0,0.729949,0.0,0.0,0.0,0.0
1565,0.71875,0.0,0.0,0.0,0.0,0.0,0.880908
1566,0.0,0.643249,0.0,0.0,0.0,0.0,0.0
1567,0.0,0.0,0.0,0.0,0.0,0.0,0.0
1568,0.0,0.0,0.0,0.551103,0.0,0.0,0.65359
1569,0.0,0.0,0.0,0.564521,0.0,0.0,0.795534
1570,0.587792,0.0,0.0,0.0,0.0,0.0,0.754259
1571,0.0,0.0,0.0,0.0,0.0,0.0,0.0
1572,0.0,0.0,0.0,0.0,0.0,0.0,0.0
1573,0.0,0.0,0.0,0.0,0.0,0.862626,0.0
1574,0.0,0.5433600000000001,0.0,0.0,0.8258489999999999,0.0,0.799558
1575,0.0,0.0,0.0,0.0,0.0,0.0,0.869748
1576,0.0,0.0,0.696289,0.0,0.0,0.0,0.907691
1577,0.0,0.0,0.0,0.693079,0.0,0.0,0.686656
1578,0.0,0.0,0.0,0.0,0.0,0.0,0.0
1579,0.0,0.0,0.0,0.0,0.0,0.0,0.0
1580,0.0,0.0,0.0,0.0,0.0,0.0,0.8177369999999999
1581,0.0,0.0,0.914932,0.0,0.720783,0.0,0.0
1582,0.0,0.0,0.0,0.0,0.0,0.0,0.0
1583,0.0,0.0,0.0,0.0,0.0,0.695854,0.0
1584,0.0,0.0,0.0,0.534208,0.8384520000000001,0.0,0.802064
1585,0.89675,0.0,0.0,0.0,0.0,0.0,0.0
1586,0.0,0.6657810000000001,0.6301899999999999,0.556937,0.609243,0.0,0.0
1587,0.0,0.0,0.625563,0.0,0.0,0.0,0.0
1588,0.0,0.0,0.0,0.60314,0.0,0.0,0.0
1589,0.0,0.0,0.0,0.6205350000000001,0.0,0.0,0.0
1590,0.523911,0.0,0.553215,0.0,0.0,0.0,0.530709
1591,0.0,0.0,0.0,0.5823109999999999,0.0,0.0,0.5880489999999999
1592,0.0,0.5203840000000001,0.0,0.559079,0.0,0.0,0.6849
1593,0.0,0.0,0.525153,0.0,0.0,0.0,0.0
1594,0.0,0.680701,0.0,0.0,0.0,0.0,0.578252
1595,0.0,0.0,0.0,0.0,0.0,0.0,0.0
1596,0.0,0.0,0.653172,0.0,0.0,0.622185,0.0
1597,0.0,0.0,0.0,0.6236689999999999,0.0,0.0,0.0
1598,0.649263,0.0,0.0,0.0,0.0,0.0,0.781573
1599,0.0,0.5605479999999999,0.0,0.0,0.625692,0.711603,0.0
1600,0.0,0.0,0.0,0.0,0.689719,0.0,0.0
1601,0.0,0.0,0.0,0.0,0.0,0.542432,0.0
1602,0.0,0.0,0.0,0.702685,0.0,0.0,0.0
1603,0.0,0.0,0.0,0.572839,0.0,0.0,0.616216
1604,0.0,0.0,0.0,0.0,0.0,0.0,0.508961
1605,0.0,0.0,0.0,0.0,0.0,0.0,0.636837
1606,0.0,0.0,0.0,0.0,0.0,0.0,0.0
1607,0.0,0.721564,0.0,0.0,0.0,0.0,0.768073
1608,0.0,0.0,0.0,0.773057,0.0,0.617161,0.0
1609,0.605657,0.0,0.0,0.708152,0.0,0.0,0.811516
1610,0.0,0.0,0.0,0.0,0.0,0.82153,0.0
1611,0.648724,0.0,0.0,0.0,0.0,0.0,0.5907319999999999
1612,0.0,0.0,0.0,0.0,0.0,0.0,0.0
1613,0.562884,0.0,0.0,0.0,0.0,0.0,0.779267
1614,0.0,0.0,0.6463939999999999,0.0,0.0,0.0,0.604521
1615,0.696041,0.0,0.0,0.0,0.7859729999999999,0.0,0.0
1616,0.796971,0.0,0.0,0.0,0.0,0.0,0.816782
1617,0.0,0.5004149999999999,0.0,0.5211939999999999,0.0,0.0,0.837347
1618,0.0,0.0,0.0,0.0,0.0,0.0,0.0
1619,0.0,0.0,0.0,0.0,0.0,0.0,0.0
1620,0.0,0.0,0.648364,0.0,0.0,0.7245010000000001,0.0
1621,0.0,0.621034,0.0,0.0,0.0,0.0,0.502201
1622,0.5347729999999999,0.0,0.0,0.565099,0.0,0.0,0.542463
1623,0.0,0.0,0.0,0.757877,0.0,0.0,0.7542770000000001
1624,0.0,0.0,0.640882,0.0,0.0,0.0,0.559329
1625,0.0,0.0,0.0,0.0,0.0,0.0,0.0
1626,0.0,0.0,0.0,0.0,0.0,0.0,0.8072
1627,0.0,0.0,0.0,0.0,0.0,0.0,0.0
1628,0.0,0.0,0.0,0.608011,0.0,0.0,0.0
1629,0.0,0.0,0.727055,0.0,0.0,0.873604,0.0
1630,0.0,0.0,0.0,0.0,0.0,0.0,0.0
1631,0.0,0.0,0.0,0.0,0.0,0.0,0.544371
1632,0.0,0.0,0.0,0.0,0.0,0.0,0.731472
1633,0.0,0.0,0.573753,0.536755,0.0,0.0,0.0
1634,0.0,0.0,0.528262,0.0,0.0,0.0,0.0
1635,0.500763,0.0,0.0,0.0,0.0,0.0,0.699987
1636,0.0,0.0,0.0,0.0,0.0,0.0,0.95255
1637,0.0,0.0,0.0,0.0,0.0,0.674339,0.0
1638,0.0,0.0,0.0,0.0,0.0,0.0,0.779803
1639,0.0,0.0,0.0,0.0,0.0,0.0,0.8324469999999999
1640,0.0,0.0,0.0,0.0,0.0,0.0,0.0
1641,0.0,0.0,0.0,0.0,0.0,0.0,0.0
1642,0.650417,0.0,0.0,0.0,0.0,0.0,0.0
1643,0.0,0.0,0.0,0.0,0.6934600000000001,0.0,0.0
1644,0.682199,0.0,0.0,0.0,0.0,0.0,0.531216
1645,0.0,0.0,0.0,0.0,0.0,0.0,0.0
1646,0.727594,0.0,0.0,0.0,0.0,0.7438359999999999,0.0
1647,0.0,0.0,0.0,0.0,0.0,0.886128,0.0
1648,0.0,0.0,0.0,0.0,0.704186,0.0,0.8137260000000001
1649,0.0,0.0,0.0,0.0,0.0,0.0,0.62852
1650,0.0,0.0,0.0,0.6857800000000001,0.0,0.0,0.0
1651,0.754834,0.0,0.0,0.0,0.0,0.0,0.0
1652,0.0,0.0,0.7923640000000001,0.0,0.0,0.0,0.0
1653,0.0,0.0,0.0,0.0,0.0,0.0,0.0
1654,0.5957859999999999,0.0,0.0,0.0,0.0,0.0,0.742981
1655,0.0,0.0,0.0,0.0,0.0,0.0,0.582653
1656,0.0,0.0,0.0,0.7644890000000001,0.552087,0.842327,0.0
1657,0.530417,0.0,0.0,0.0,0.0,0.0,0.524716
1658,0.0,0.0,0.0,0.0,0.0,0.0,0.5532699999999999
1659,0.0,0.0,0.620223,0.0,0.0,0.5597260000000001,0.0
1660,0.0,0.0,0.0,0.6794100000000001,0.80688,0.0,0.0
1661,0.5085770000000001,0.0,0.510649,0.0,0.0,0.0,0.936055
1662,0.517576,0.0,0.579617,0.0,0.0,0.0,0.8165439999999999
1663,0.0,0.0,0.0,0.5823109999999999,0.0,0.0,0.5880489999999999
1664,0.0,0.723429,0.0,0.0,0.0,0.0,0.837526
1665,0.0,0.0,0.0,0.0,0.0,0.0,0.875325
1666,0.0,0.0,0.0,0.0,0.0,0.0,0.544371
1667,0.0,0.0,0.544525,0.0,0.690037,0.0,0.0
1668,0.0,0.0,0.564898,0.0,0.0,0.0,0.0
1669,0.0,0.0,0.0,0.0,0.0,0.0,0.914186
1670,0.571322,0.0,0.577962,0.0,0.0,0.0,0.648744
1671,0.521139,0.0,0.0,0.510033,0.0,0.0,0.7664569999999999
1672,0.0,0.0,0.0,0.0,0.0,0.0,0.0
1673,0.521664,0.0,0.0,0.5002270000000001,0.0,0.0,0.0
1674,0.545166,0.0,0.639375,0.0,0.0,0.0,0.534796
1675,0.0,0.0,0.0,0.792788,0.0,0.0,0.722282
1676,0.0,0.0,0.0,0.0,0.0,0.0,0.0
1677,0.0,0.0,0.0,0.0,0.0,0.769482,0.0
1678,0.0,0.0,0.0,0.0,0.0,0.0,0.5906680000000001
1679,0.0,0.0,0.0,0.0,0.0,0.0,0.0
1680,0.0,0.0,0.0,0.0,0.0,0.0,0.0
1681,0.0,0.0,0.0,0.6926770000000001,0.0,0.851126,0.0
1682,0.0,0.0,0.830314,0.0,0.0,0.0,0.563142
1683,0.0,0.0,0.0,0.0,0.0,0.0,0.564474
1684,0.0,0.0,0.0,0.0,0.0,0.0,0.0
1685,0.0,0.0,0.5004430000000001,0.0,0.0,0.586136,0.0
1686,0.0,0.0,0.0,0.0,0.0,0.0,0.0
1687,0.667397,0.0,0.0,0.0,0.0,0.0,0.0
1688,0.0,0.0,0.0,0.551103,0.0,0.0,0.65359
1689,0.0,0.0,0.525153,0.0,0.0,0.0,0.0
1690,0.0,0.0,0.0,0.0,0.0,0.0,0.8901040000000001
1691,0.0,0.0,0.0,0.571515,0.0,0.0,0.0
1692,0.0,0.0,0.0,0.632679,0.0,0.0,0.0
1693,0.0,0.0,0.0,0.0,0.0,0.0,0.852514
1694,0.0,0.0,0.0,0.5704140000000001,0.9227350000000001,0.0,0.751891
1695,0.0,0.0,0.0,0.0,0.0,0.0,0.0
1696,0.0,0.0,0.6302260000000001,0.5923579999999999,0.0,0.0,0.0
1697,0.627498,0.0,0.0,0.0,0.0,0.0,0.676053
1698,0.0,0.0,0.754951,0.0,0.0,0.0,0.6739930000000001
1699,0.564487,0.0,0.0,0.0,0.8260639999999999,0.0,0.0
1700,0.0,0.0,0.856635,0.0,0.0,0.0,0.529937
1701,0.0,0.0,0.0,0.0,0.0,0.0,0.0
1702,0.0,0.0,0.690178,0.0,0.0,0.0,0.8933639999999999
1703,0.0,0.542809,0.519649,0.594197,0.0,0.0,0.996006
1704,0.541254,0.580411,0.0,0.5304270000000001,0.0,0.0,0.5491199999999999
1705,0.0,0.0,0.525591,0.0,0.0,0.0,0.0
1706,0.597025,0.0,0.0,0.0,0.0,0.0,0.0
1707,0.0,0.0,0.0,0.0,0.0,0.0,0.0
1708,0.0,0.0,0.0,0.0,0.0,0.0,0.582015
1709,0.0,0.0,0.0,0.0,0.0,0.0,0.852514
1710,0.0,0.0,0.0,0.513976,0.0,0.637343,0.0
1711,0.0,0.0,0.0,0.61943,0.0,0.0,0.0
1712,0.0,0.570785,0.0,0.0,0.0,0.0,0.0
1713,0.0,0.0,0.582447,0.0,0.0,0.0,0.6526569999999999
1714,0.0,0.0,0.623791,0.0,0.0,0.0,0.0
1715,0.0,0.0,0.0,0.0,0.0,0.0,0.5131760000000001
1716,0.0,0.0,0.0,0.0,0.0,0.0,0.9807170000000001
1717,0.0,0.0,0.0,0.0,0.0,0.0,0.0
1718,0.562884,0.0,0.0,0.0,0.0,0.0,0.779267
1719,0.0,0.0,0.0,0.7086720000000001,0.0,0.0,0.6528609999999999
1720,0.602388,0.0,0.0,0.0,0.0,0.0,0.0
1721,0.509988,0.0,0.0,0.592238,0.0,0.915515,0.0
1722,0.0,0.0,0.0,0.0,0.0,0.942586,0.0
1723,0.540253,0.0,0.0,0.0,0.0,0.0,0.0
1724,0.0,0.0,0.0,0.0,0.0,0.0,0.0
1725,0.0,0.639157,0.0,0.523101,0.0,0.0,0.937494
1726,0.517576,0.0,0.579617,0.0,0.0,0.0,0.8165439999999999
1727,0.0,0.0,0.0,0.0,0.0,0.0,0.697191
1728,0.0,0.0,0.0,0.0,0.0,0.0,0.0
1729,0.0,0.0,0.0,0.508921,0.0,0.0,0.710277
1730,0.0,0.0,0.644004,0.0,0.0,0.0,0.0
1731,0.0,0.530087,0.0,0.55194,0.0,0.0,0.0
1732,0.0,0.0,0.0,0.0,0.0,0.0,0.0
1733,0.0,0.0,0.0,0.0,0.0,0.0,0.0
1734,0.677585,0.0,0.0,0.587359,0.0,0.0,0.512768
1735,0.0,0.0,0.625843,0.0,0.6863060000000001,0.0,0.735287
1736,0.0,0.0,0.0,0.0,0.0,0.0,0.0
1737,0.0,0.0,0.0,0.0,0.0,0.0,0.0
1738,0.0,0.0,0.0,0.0,0.0,0.0,0.544371
1739,0.0,0.0,0.599309,0.0,0.0,0.0,0.7973399999999999
1740,0.0,0.0,0.0,0.0,0.0,0.0,0.0
1741,0.0,0.0,0.0,0.0,0.0,0.673247,0.0
1742,0.0,0.0,0.0,0.5228149999999999,0.0,0.0,0.840464
1743,0.0,0.0,0.0,0.0,0.0,0.0,0.636837
1744,0.0,0.0,0.741812,0.0,0.0,0.0,0.0
1745,0.0,0.0,0.0,0.0,0.0,0.541884,0.0
1746,0.533088,0.0,0.0,0.0,0.0,0.0,0.7407729999999999
1747,0.0,0.0,0.764817,0.0,0.0,0.0,0.701534
1748,0.0,0.0,0.0,0.935991,0.0,0.727219,0.0
1749,0.0,0.0,0.0,0.0,0.0,0.0,0.781146
1750,0.0,0.0,0.0,0.0,0.0,0.0,0.0
1751,0.0,0.0,0.802783,0.0,0.0,0.0,0.0
1752,0.664844,0.0,0.0,0.0,0.0,0.0,0.7595069999999999
1753,0.0,0.0,0.0,0.0,0.0,0.0,0.734884
1754,0.0,0.0,0.0,0.0,0.0,0.0,0.0
1755,0.0,0.0,0.0,0.568944,0.0,0.0,0.64205
1756,0.753171,0.0,0.0,0.0,0.0,0.5242600000000001,0.0
1757,0.0,0.0,0.723476,0.0,0.0,0.0,0.9859540000000001
1758,0.0,0.0,0.558616,0.538812,0.0,0.0,0.0
1759,0.0,0.0,0.0,0.0,0.0,0.0,0.5532699999999999
1760,0.592911,0.0,0.0,0.0,0.9540000000000001,0.0,0.9574739999999999
1761,0.0,0.0,0.0,0.0,0.0,0.0,0.0
1762,0.0,0.0,0.0,0.0,0.0,0.0,0.0
1763,0.0,0.0,0.582275,0.0,0.0,0.0,0.0
1764,0.0,0.0,0.0,0.596615,0.0,0.0,0.0
1765,0.0,0.0,0.0,0.0,0.0,0.0,0.0
1766,0.0,0.0,0.521671,0.0,0.0,0.0,0.646972
1767,0.0,0.0,0.0,0.558074,0.0,0.0,0.9212459999999999
1768,0.5033270000000001,0.0,0.0,0.733974,0.0,0.0,0.647011
1769,0.0,0.0,0.0,0.0,0.0,0.719931,0.0
1770,0.0,0.0,0.7268479999999999,0.0,0.0,0.0,0.0
1771,0.0,0.0,0.0,0.5360229999999999,0.0,0.0,0.0
1772,0.0,0.0,0.0,0.0,0.0,0.0,0.0
1773,0.0,0.0,0.0,0.656644,0.0,0.0,0.0
1774,0.0,0.0,0.0,0.0,0.0,0.0,0.93143
1775,0.0,0.0,0.648364,0.0,0.0,0.7245010000000001,0.0
1776,0.0,0.0,0.0,0.624103,0.765329,0.0,0.0
1777,0.0,0.0,0.0,0.0,0.0,0.0,0.7008340000000001
1778,0.0,0.0,0.0,0.50681,0.0,0.0,0.0
1779,0.0,0.0,0.704781,0.0,0.0,0.0,0.97306
1780,0.0,0.0,0.0,0.614143,0.0,0.0,0.0
1781,0.0,0.0,0.6288819999999999,0.0,0.0,0.550179,0.0
1782,0.0,0.0,0.0,0.0,0.0,0.0,0.0
1783,0.0,0.0,0.0,0.0,0.0,0.0,0.0
1784,0.0,0.0,0.0,0.571291,0.0,0.0,0.8594700000000001
1785,0.602229,0.0,0.0,0.0,0.0,0.0,0.0
1786,0.0,0.0,0.0,0.0,0.0,0.0,0.0
1787,0.0,0.0,0.0,0.0,0.0,0.886128,0.0
1788,0.0,0.0,0.659546,0.585501,0.0,0.0,0.0
1789,0.0,0.0,0.637733,0.630522,0.0,0.0,0.753119
1790,0.696041,0.0,0.0,0.0,0.7859729999999999,0.0,0.0
1791,0.739725,0.0,0.0,0.0,0.0,0.0,0.773941
1792,0.0,0.0,0.651904,0.0,0.0,0.0,0.54615
1793,0.0,0.0,0.0,0.0,0.0,0.0,0.0
1794,0.0,0.0,0.0,0.0,0.0,0.0,0.0
1795,0.0,0.0,0.5259510000000001,0.6210829999999999,0.820176,0.0,0.846899
1796,0.0,0.0,0.0,0.0,0.0,0.0,0.0
1797,0.0,0.0,0.0,0.0,0.0,0.0,0.0
1798,0.583391,0.0,0.603477,0.0,0.0,0.0,0.0
1799,0.0,0.0,0.0,0.0,0.0,0.0,0.0
1800,0.0,0.0,0.802783,0.0,0.0,0.0,0.0
1801,0.0,0.0,0.0,0.599737,0.0,0.0,0.762985
1802,0.0,0.0,0.0,0.510653,0.0,0.0,0.89559
1803,0.0,0.0,0.0,0.0,0.0,0.0,0.886884
1804,0.0,0.0,0.629868,0.0,0.0,0.0,0.876966
1805,0.0,0.0,0.0,0.0,0.0,0.0,0.0
1806,0.0,0.0,0.0,0.0,0.0,0.0,0.947636
1807,0.0,0.0,0.0,0.0,0.0,0.0,0.938693
1808,0.0,0.0,0.0,0.0,0.0,0.0,0.0
1809,0.0,0.0,0.0,0.716597,0.0,0.0,0.0
1810,0.6591640000000001,0.0,0.0,0.72058,0.0,0.0,0.0
1811,0.575116,0.0,0.0,0.0,0.0,0.0,0.0
1812,0.0,0.0,0.0,0.0,0.0,0.0,0.0
1813,0.0,0.0,0.0,0.0,0.0,0.0,0.0
1814,0.0,0.0,0.0,0.0,0.0,0.0,0.0
1815,0.0,0.0,0.0,0.560133,0.0,0.0,0.0
1816,0.0,0.0,0.732075,0.0,0.0,0.0,0.0
1817,0.0,0.0,0.0,0.6697069999999999,0.0,0.0,0.0
1818,0.665339,0.0,0.0,0.0,0.0,0.0,0.0
1819,0.0,0.0,0.0,0.0,0.0,0.0,0.0
1820,0.0,0.0,0.0,0.0,0.0,0.541884,0.0
1821,0.577414,0.0,0.5214850000000001,0.0,0.0,0.0,0.624718
1822,0.0,0.0,0.0,0.0,0.0,0.0,0.8235899999999999
1823,0.0,0.0,0.601743,0.0,0.0,0.0,0.841619
1824,0.0,0.0,0.0,0.0,0.0,0.0,0.536656
1825,0.0,0.0,0.73951,0.0,0.0,0.0,0.0
1826,0.0,0.0,0.5475760000000001,0.0,0.0,0.0,0.0
1827,0.0,0.0,0.0,0.594126,0.608155,0.0,0.0
1828,0.626217,0.0,0.0,0.0,0.0,0.0,0.0
1829,0.0,0.0,0.583992,0.0,0.0,0.0,0.0
1830,0.0,0.0,0.0,0.0,0.0,0.0,0.663512
1831,0.8252780000000001,0.0,0.0,0.0,0.0,0.0,0.659802
1832,0.0,0.0,0.0,0.0,0.0,0.0,0.0
1833,0.0,0.0,0.0,0.804141,0.0,0.0,0.732219
1834,0.0,0.0,0.0,0.0,0.0,0.0,0.0
1835,0.0,0.0,0.0,0.0,0.0,0.0,0.0
1836,0.0,0.6051380000000001,0.0,0.0,0.0,0.0,0.980142
1837,0.0,0.0,0.0,0.0,0.0,0.0,0.507784
1838,0.0,0.0,0.0,0.6104470000000001,0.0,0.0,0.570549
1839,0.0,0.0,0.528174,0.0,0.0,0.770675,0.0
1840,0.0,0.0,0.0,0.0,0.0,0.0,0.0
1841,0.0,0.51974,0.0,0.739155,0.0,0.0,0.81423
1842,0.770899,0.0,0.0,0.0,0.0,0.0,0.0
1843,0.0,0.0,0.582447,0.0,0.0,0.0,0.6526569999999999
1844,0.0,0.0,0.0,0.0,0.0,0.0,0.0
1845,0.661838,0.0,0.51764,0.0,0.0,0.0,0.0
1846,0.0,0.0,0.0,0.778237,0.0,0.0,0.0
1847,0.0,0.0,0.0,0.0,0.0,0.0,0.0
1848,0.0,0.0,0.856635,0.0,0.0,0.0,0.529937
1849,0.0,0.0,0.0,0.673788,0.0,0.0,0.0
1850,0.0,0.0,0.0,0.0,0.0,0.0,0.8603139999999999
1851,0.623296,0.0,0.0,0.579878,0.0,0.0,0.0
1852,0.0,0.0,0.0,0.0,0.0,0.0,0.0
1853,0.0,0.0,0.0,0.0,0.0,0.0,0.58882
1854,0.0,0.0,0.0,0.0,0.0,0.0,0.0
1855,0.0,0.0,0.0,0.5484140000000001,0.0,0.0,0.0
1856,0.0,0.0,0.0,0.0,0.0,0.0,0.871915
1857,0.0,0.0,0.0,0.0,0.0,0.0,0.0
1858,0.0,0.0,0.0,0.622658,0.0,0.0,0.8425739999999999
1859,0.0,0.0,0.7139310000000001,0.0,0.0,0.0,0.87549
1860,0.0,0.0,0.0,0.0,0.0,0.0,0.99144
1861,0.0,0.0,0.0,0.0,0.0,0.0,0.0
1862,0.0,0.0,0.0,0.0,0.0,0.0,0.0
1863,0.0,0.0,0.0,0.0,0.0,0.0,0.582412
1864,0.0,0.0,0.0,0.725969,0.0,0.0,0.690375
1865,0.0,0.0,0.6721090000000001,0.0,0.0,0.0,0.0
1866,0.636748,0.0,0.565619,0.546426,0.0,0.0,0.0
1867,0.0,0.6013,0.625214,0.0,0.0,0.0,0.0
1868,0.0,0.0,0.0,0.0,0.0,0.0,0.0
1869,0.0,0.0,0.0,0.0,0.0,0.0,0.0
1870,0.0,0.0,0.0,0.0,0.0,0.0,0.0
1871,0.0,0.0,0.6074930000000001,0.0,0.0,0.79901,0.0
1872,0.0,0.0,0.0,0.0,0.0,0.0,0.5887140000000001
1873,0.0,0.0,0.0,0.0,0.0,0.0,0.754059
1874,0.0,0.0,0.0,0.0,0.0,0.0,0.0
1875,0.616369,0.0,0.540812,0.598584,0.0,0.0,0.0
1876,0.743093,0.67702,0.0,0.593345,0.0,0.0,0.601046
1877,0.0,0.0,0.0,1.0,0.0,0.868348,0.0
1878,0.0,0.0,0.0,0.0,0.0,0.0,0.0
1879,0.0,0.0,0.518127,0.573729,0.0,0.0,0.0
1880,0.0,0.0,0.0,0.0,0.0,0.0,0.0
1881,0.0,0.0,0.0,0.5187069999999999,0.0,0.0,0.8976620000000001
1882,0.0,0.0,0.0,0.0,0.0,0.0,0.0
1883,0.0,0.0,0.0,0.0,0.0,0.0,0.0
1884,0.0,0.0,0.0,0.0,0.0,0.0,0.0
1885,0.0,0.0,0.0,0.0,0.0,0.0,0.0
1886,0.646786,0.0,0.0,0.0,0.0,0.0,0.650645
1887,0.0,0.0,0.0,0.0,0.0,0.5577949999999999,0.0
1888,0.0,0.0,0.9401280000000001,0.0,0.0,0.0,0.5687300000000001
1889,0.0,0.0,0.0,0.0,0.0,0.0,0.730788
1890,0.0,0.0,0.0,0.0,0.0,0.0,0.0
1891,0.0,0.0,0.0,0.876075,0.0,0.0,0.9756530000000001
1892,0.0,0.0,0.0,0.935991,0.0,0.727219,0.0
1893,0.0,0.0,0.0,0.615679,0.0,0.0,0.0
1894,0.5105529999999999,0.0,0.0,0.0,0.0,0.0,0.9332229999999999
1895,0.0,0.0,0.0,0.0,0.0,0.0,0.555203
1896,0.0,0.0,0.753216,0.0,0.0,0.715489,0.0
1897,0.0,0.0,0.625,0.0,0.0,0.0,0.752975
1898,0.0,0.0,0.0,0.663084,0.719857,0.0,0.552942
1899,0.0,0.0,0.0,0.0,0.0,0.0,0.0
1900,0.0,0.0,0.0,0.725969,0.0,0.0,0.690375
1901,0.0,0.0,0.0,0.0,0.0,0.0,0.555203
1902,0.0,0.0,0.0,0.0,0.0,0.0,0.536656
1903,0.0,0.0,0.0,0.594126,0.608155,0.0,0.0
1904,0.0,0.0,0.528174,0.0,0.0,0.770675,0.0
1905,0.0,0.0,0.0,0.0,0.0,0.0,0.0
1906,0.0,0.0,0.0,0.510653,0.0,0.0,0.89559
1907,0.0,0.0,0.0,0.0,0.0,0.0,0.0
1908,0.0,0.0,0.583992,0.0,0.0,0.0,0.0
1909,0.0,0.0,0.0,0.0,0.0,0.0,0.0
1910,0.0,0.0,0.0,0.0,0.0,0.0,0.0
1911,0.0,0.0,0.521125,0.0,0.0,0.0,0.594105
1912,0.743093,0.67702,0.0,0.593345,0.0,0.0,0.601046
1913,0.636748,0.0,0.565619,0.546426,0.0,0.0,0.0
1914,0.0,0.6013,0.625214,0.0,0.0,0.0,0.0
1915,0.0,0.0,0.0,0.0,0.0,0.0,0.938693
1916,0.0,0.0,0.0,0.0,0.0,0.0,0.609779
1917,0.0,0.0,0.0,0.0,0.0,0.0,0.0
1918,0.0,0.0,0.0,0.0,0.0,0.0,0.0
1919,0.0,0.0,0.0,0.0,0.0,0.0,0.0
1920,0.0,0.0,0.0,0.779383,0.0,0.0,0.6381399999999999
1921,0.0,0.0,0.0,0.0,0.0,0.0,0.0
1922,0.0,0.0,0.0,0.0,0.0,0.0,0.0
1923,0.0,0.0,0.0,0.0,0.0,0.0,0.754059
1924,0.0,0.0,0.0,0.716597,0.0,0.0,0.0
1925,0.0,0.0,0.0,0.0,0.0,0.0,0.0
1926,0.0,0.0,0.0,0.0,0.0,0.0,0.886884
1927,0.0,0.0,0.0,0.0,0.0,0.0,0.0
1928,0.0,0.0,0.0,0.0,0.0,0.0,0.0
1929,0.0,0.0,0.0,0.707433,0.0,0.0,0.697295
1930,0.0,0.0,0.0,0.0,0.0,0.0,0.0
1931,0.0,0.0,0.0,0.0,0.0,0.0,0.5887140000000001
1932,0.0,0.0,0.9401280000000001,0.0,0.0,0.0,0.5687300000000001
1933,0.0,0.0,0.0,0.0,0.0,0.0,0.0
1934,0.0,0.0,0.0,0.685311,0.0,0.0,0.849567
1935,0.0,0.0,0.0,0.0,0.0,0.0,0.0
1936,0.0,0.0,0.0,0.0,0.0,0.0,0.0
1937,0.0,0.0,0.515281,0.0,0.596122,0.0,0.0
1938,0.0,0.0,0.7160340000000001,0.0,0.0,0.0,0.0
1939,0.0,0.0,0.594472,0.0,0.925493,0.0,0.0
1940,0.0,0.0,0.0,0.558183,0.0,0.0,0.845146
1941,0.0,0.0,0.0,0.0,0.0,0.0,0.0
1942,0.0,0.0,0.0,0.698106,0.0,0.0,0.9797739999999999
1943,0.627694,0.0,0.660587,0.0,0.0,0.0,0.0
1944,0.0,0.0,0.0,0.0,0.0,0.0,0.0
1945,0.0,0.0,0.522373,0.0,0.0,0.0,0.0
1946,0.0,0.0,0.0,0.0,0.0,0.0,0.0
1947,0.0,0.0,0.0,0.584156,0.0,0.5006659999999999,0.0
1948,0.0,0.0,0.0,0.0,0.0,0.0,0.0
1949,0.0,0.0,0.806228,0.0,0.0,0.0,0.0
1950,0.0,0.0,0.0,0.0,0.0,0.0,0.9246719999999999
1951,0.0,0.0,0.0,0.5937060000000001,0.0,0.8949229999999999,0.0
1952,0.0,0.0,0.0,0.0,0.0,0.0,0.0
1953,0.0,0.0,0.0,0.0,0.0,0.0,0.0
1954,0.0,0.0,0.7378279999999999,0.0,0.0,0.0,0.0
1955,0.0,0.0,0.0,0.0,0.0,0.0,0.0
1956,0.0,0.0,0.0,0.61114,0.0,0.0,0.0
1957,0.0,0.0,0.0,0.0,0.0,0.0,0.0
1958,0.0,0.0,0.0,0.0,0.0,0.0,0.0
1959,0.0,0.0,0.0,0.0,0.0,0.0,0.0
1960,0.0,0.0,0.0,0.0,0.0,0.0,0.0
1961,0.0,0.0,0.828257,0.0,0.0,0.0,0.0
1962,0.0,0.0,0.0,0.0,0.0,0.0,0.0
1963,0.0,0.0,0.0,0.0,0.0,0.0,0.0
1964,0.0,0.0,0.0,0.502895,0.0,0.0,0.906684
1965,0.0,0.532285,0.0,0.0,0.0,0.0,0.664175
1966,0.0,0.0,0.0,0.0,0.0,0.0,0.0
1967,0.0,0.0,0.0,0.0,0.0,0.0,0.0
1968,0.0,0.0,0.0,0.0,0.0,0.0,0.0
1969,0.0,0.0,0.0,0.670265,0.0,0.0,0.0
1970,0.0,0.0,0.0,0.579129,0.0,0.0,0.802765
1971,0.0,0.0,0.927376,0.0,0.0,0.0,0.889185
1972,0.0,0.0,0.0,0.0,0.0,0.0,0.0
1973,0.0,0.0,0.864351,0.0,0.0,0.0,0.0
1974,0.0,0.0,0.0,0.0,0.0,0.5926170000000001,0.0
1975,0.0,0.0,0.9444110000000001,0.0,0.0,0.0,0.0
1976,0.0,0.0,0.0,0.0,0.0,0.7575430000000001,0.0
1977,0.0,0.0,0.0,0.0,0.0,0.0,0.0
1978,0.0,0.0,0.0,0.0,0.0,0.0,0.0
1979,0.0,0.0,0.752761,0.0,0.593421,0.0,0.0
1980,0.0,0.0,0.0,0.571228,0.0,0.0,0.0
1981,0.505951,0.0,0.0,0.0,0.0,0.0,0.0
1982,0.0,0.0,0.743657,0.0,0.556589,0.0,0.0
1983,0.0,0.526492,0.0,0.501872,0.0,0.0,0.857691
1984,0.0,0.0,0.0,0.0,0.0,0.0,0.0
1985,0.0,0.0,0.588596,0.0,0.0,0.0,0.953498
1986,0.0,0.0,0.0,0.665077,0.0,0.0,0.0
1987,0.0,0.0,0.0,0.0,0.0,0.0,0.0
1988,0.0,0.0,0.576418,0.0,0.0,0.0,0.9763459999999999
1989,0.0,0.0,0.0,0.0,0.0,0.0,0.0
1990,0.0,0.0,0.0,0.7384430000000001,0.0,0.0,0.755578
1991,0.0,0.0,0.0,0.0,0.0,0.0,0.0
1992,0.7077720000000001,0.0,0.0,0.0,0.0,0.0,0.673862
1993,0.0,0.0,0.614889,0.0,0.7912819999999999,0.661825,0.0
1994,0.0,0.0,0.0,0.0,0.0,0.0,0.0
1995,0.0,0.0,0.627625,0.0,0.0,0.0,0.743207
1996,0.531406,0.0,0.0,0.0,0.0,0.0,0.55884
1997,0.0,0.0,0.610162,0.0,0.0,0.0,0.0
1998,0.0,0.0,0.65225,0.0,0.0,0.0,0.895547
1999,0.0,0.0,0.0,0.0,0.0,0.0,0.0
